question_id,db_id,question,evidence,SQL,difficulty
22,california_schools,Which school in Contra Costa has the highest number of test takers?,,SELECT sname FROM satscores WHERE cname = 'Contra Costa' AND sname IS NOT NULL ORDER BY NumTstTakr DESC LIMIT 1,simple
80,california_schools,What is the school type of the school with the highest latitude? Indicate the name of the school as well as the latitude coordinates.,,"SELECT T1.`School Type`, T1.`School Name`, T2.Latitude FROM frpm AS T1 INNER JOIN schools AS T2 ON T1.CDSCode = T2.CDSCode ORDER BY T2.Latitude DESC LIMIT 1",simple
78,california_schools,What is the most common type of grade span served in the city of Adelanto?,,SELECT GSserved FROM schools WHERE City = 'Adelanto' GROUP BY GSserved ORDER BY COUNT(GSserved) DESC LIMIT 1,simple
15,california_schools,Which active district has the highest average score in Reading?,,SELECT T1.District FROM schools AS T1 INNER JOIN satscores AS T2 ON T1.CDSCode = T2.cds WHERE T1.StatusType = 'Active' ORDER BY T2.AvgScrRead DESC LIMIT 1,simple
70,california_schools,How many active and closed District Community Day Schools are there in the county of Alpine?,,SELECT COUNT(School) FROM schools WHERE (StatusType = 'Closed' OR StatusType = 'Active') AND SOC = 69 AND County = 'Alpine',simple
7,california_schools,What is the phone number of the school that has the highest number of test takers with an SAT score of over 1500?,,SELECT T2.Phone FROM satscores AS T1 INNER JOIN schools AS T2 ON T1.cds = T2.CDSCode ORDER BY T1.NumGE1500 DESC LIMIT 1,simple
20,california_schools,How many schools in Amador which the Low Grade is 9 and the High Grade is 12?,,SELECT COUNT(T1.`School Name`) FROM frpm AS T1 INNER JOIN schools AS T2 ON T1.CDSCode = T2.CDSCode WHERE T2.County = 'Amador' AND T1.`Low Grade` = 9 AND T1.`High Grade` = 12,simple
86,california_schools,"What is the administrator's last name that oversees the school with Charter number 40? Indicate the district, the county where the school is situated, and the name of the school.",,"SELECT AdmLName1, District, County, School FROM schools WHERE CharterNum = '0040'",simple
5,california_schools,How many schools with an average score in Math greater than 400 in the SAT test are exclusively virtual?,Exclusively virtual refers to Virtual = 'F',SELECT COUNT(DISTINCT T2.School) FROM satscores AS T1 INNER JOIN schools AS T2 ON T1.cds = T2.CDSCode WHERE T2.Virtual = 'F' AND T1.AvgScrMath > 400,simple
54,california_schools,Please specify all of the schools and their related mailing zip codes that are under Avetik Atoian's administration.,,"SELECT School, MailZip FROM schools WHERE AdmFName1 = 'Avetik' AND AdmLName1 = 'Atoian'",simple
16,california_schools,How many schools in merged Alameda have number of test takers less than 100?,,SELECT COUNT(T1.CDSCode) FROM schools AS T1 INNER JOIN satscores AS T2 ON T1.CDSCode = T2.cds WHERE T1.StatusType = 'Merged' AND T2.NumTstTakr < 100 AND T1.County = 'Lake',simple
10,california_schools,"For the school with the highest average score in Reading in the SAT test, what is its FRPM count for students aged 5-17?",,SELECT T2.`FRPM Count (Ages 5-17)` FROM satscores AS T1 INNER JOIN frpm AS T2 ON T1.cds = T2.CDSCode ORDER BY T1.AvgScrRead DESC LIMIT 1,simple
44,california_schools,What is the average writing score of the school who has the highest number of test takers whose total SAT sscores are greater or equal to 1500? Indicate the city to where the school is situated.,,"SELECT T1.AvgScrWrite, T2.City FROM satscores AS T1 INNER JOIN schools AS T2 ON T1.cds = T2.CDSCode ORDER BY T1.NumGE1500 DESC LIMIT 1",simple
8,california_schools,What is the number of SAT test takers of the schools with the highest FRPM count for K-12 students?,,SELECT NumTstTakr FROM satscores WHERE cds = ( SELECT CDSCode FROM frpm ORDER BY `FRPM Count (K-12)` DESC LIMIT 1 ),simple
57,california_schools,What is the phone number and extension number for the school that had the 333rd highest average writing score?,,"SELECT T2.Phone, T2.Ext FROM satscores AS T1 INNER JOIN schools AS T2 ON T1.cds = T2.CDSCode ORDER BY T1.AvgScrWrite DESC LIMIT 332, 1",simple
79,california_schools,"Between San Diego and Santa Barbara, which county offers the most number of schools that does not offer physical building? Indicate the amount.",'Does not offer physical building' means Virtual = F in the database.,"SELECT County, COUNT(Virtual) FROM schools WHERE (County = 'San Diego' OR County = 'Santa Barbara') AND Virtual = 'F' GROUP BY County ORDER BY COUNT(Virtual) DESC LIMIT 1",moderate
43,california_schools,"What is the average math score of the school with the lowest average score for all subjects, and in which county is it located?",Average score for all subjects can be computed by AvgScrMath + AvgScrRead + AvgScrWrite,"SELECT T1.AvgScrMath, T2.County FROM satscores AS T1 INNER JOIN schools AS T2 ON T1.cds = T2.CDSCode WHERE T1.AvgScrMath IS NOT NULL ORDER BY T1.AvgScrMath + T1.AvgScrRead + T1.AvgScrWrite ASC LIMIT 1",moderate
72,california_schools,How many students from the ages of 5 to 17 are enrolled at the State Special School school in Fremont for the 2014-2015 academic year?,State Special School means EdOpsCode = 'SSS',SELECT T1.`Enrollment (Ages 5-17)` FROM frpm AS T1 INNER JOIN schools AS T2 ON T1.CDSCode = T2.CDSCode WHERE T2.EdOpsCode = 'SSS' AND T2.City = 'Fremont' AND T1.`Academic Year` BETWEEN 2014 AND 2015,moderate
47,california_schools,What is the monthly average number of schools that opened in Alameda County under the jurisdiction of the Elementary School District in 1980?,Elementary School District refers to DOC = 52; Monthly average number of schools that opened in 1980 = count(schools that opened in 1980) / 12,"SELECT CAST(COUNT(School) AS REAL) / 12 FROM schools WHERE DOC = 52 AND County = 'Alameda' AND strftime('%Y', OpenDate) = '1980'",moderate
31,california_schools,What is the eligible free rate of the 10th and 11th schools with the highest enrolment for students in grades 1 through 12?,K-12 refers to students in grades 1 through 12; Eligible free rate for K-12 = `Free Meal Count (K-12)` / `Enrollment (K-12)`,"SELECT CAST(`Free Meal Count (K-12)` AS REAL) / `Enrollment (K-12)` FROM frpm ORDER BY `Enrollment (K-12)` DESC LIMIT 9, 2",moderate
32,california_schools,What is the eligible free or reduced price meal rate for the top 5 schools in grades 1-12 with the highest free or reduced price meal count of the schools with the ownership code 66?,grades 1-12 means K-12; Eligible free or reduced price meal rate for K-12 = `FRPM Count (K-12)` / `Enrollment (K-12)`,SELECT CAST(T1.`FRPM Count (K-12)` AS REAL) / T1.`Enrollment (K-12)` FROM frpm AS T1 INNER JOIN schools AS T2 ON T1.CDSCode = T2.CDSCode WHERE T2.SOC = 66 ORDER BY T1.`FRPM Count (K-12)` DESC LIMIT 5,moderate
81,california_schools,In which city can you find the school in the state of California with the lowest latitude coordinates and what is its lowest grade? Indicate the school name.,State of California refers to state = 'CA',"SELECT T2.City, T1.`Low Grade`, T1.`School Name` FROM frpm AS T1 INNER JOIN schools AS T2 ON T1.CDSCode = T2.CDSCode WHERE T2.State = 'CA' ORDER BY T2.Latitude ASC LIMIT 1",moderate
36,california_schools,Under whose administration is the school with the highest number of students scoring 1500 or more on the SAT? Indicate their full names.,"full name means first name, last name; There are at most 3 administrators for each school; SAT Scores are greater or equal to 1500 refers to NumGE1500","SELECT T2.AdmFName1, T2.AdmLName1, T2.AdmFName2, T2.AdmLName2, T2.AdmFName3, T2.AdmLName3 FROM satscores AS T1 INNER JOIN schools AS T2 ON T1.cds = T2.CDSCode ORDER BY T1.NumGE1500 DESC LIMIT 1",challenging
87,california_schools,"What are the valid e-mail addresses of the administrator of the school located in the San Bernardino county, City of San Bernardino City Unified that opened between 1/1/2009 to 12/31/2010 whose school types are public Intermediate/Middle Schools and Unified Schools?",Intermediate/Middle Schools refers to SOC = 62; Unified School refers to DOC = 54; years between 2009 and 2010 can refer to 'between 1/1/2009 to 12/31/2010',"SELECT T2.AdmEmail1, T2.AdmEmail2 FROM frpm AS T1 INNER JOIN schools AS T2 ON T1.CDSCode = T2.CDSCode WHERE T2.County = 'San Bernardino' AND T2.City = 'San Bernardino' AND T2.DOC = 54 AND strftime('%Y', T2.OpenDate) BETWEEN '2009' AND '2010' AND T2.SOC = 62",challenging
62,california_schools,What is the total number of non-chartered schools in the county of Los Angeles with a percent (%) of eligible free meals for grades 1 through 12 that is less than 0.18%?,non-chartered schools refer to schools whose Charter = 0; K-12 means grades 1 through 12; percent of eligible free rate for K-12 = `Free Meal Count (K-12)` * 100 / `Enrollment (K-12)`,SELECT COUNT(T2.School) FROM frpm AS T1 INNER JOIN schools AS T2 ON T1.CDSCode = T2.CDSCode WHERE T2.County = 'Los Angeles' AND T2.Charter = 0 AND CAST(T1.`Free Meal Count (K-12)` AS REAL) * 100 / T1.`Enrollment (K-12)` < 0.18,challenging
172,financial,How many owner and disponent dispositions are there from account number 1 to account number 10?,,"SELECT SUM(type = 'OWNER') , SUM(type = 'DISPONENT') FROM disp WHERE account_id BETWEEN 1 AND 10",simple
181,financial,Please provide the IDs of the 3 female clients with the largest loans.,Female refers to gender = 'F',SELECT T1.client_id FROM client AS T1 INNER JOIN disp AS T4 on T1.client_id= T4.client_id INNER JOIN account AS T2 ON T4.account_id = T2.account_id  INNER JOIN loan AS T3 ON T2.account_id = T3.account_id and T4.account_id = T3.account_id WHERE T1.gender = 'F' ORDER BY T3.amount DESC LIMIT 3,simple
90,financial,How many accounts who have region in Prague are eligible for loans?,A3 contains the data of region,SELECT COUNT(T1.account_id) FROM account AS T1 INNER JOIN loan AS T2 ON T1.account_id = T2.account_id INNER JOIN district AS T3 ON T1.district_id = T3.district_id WHERE T3.A3 = 'Prague',simple
183,financial,How many accounts in Beroun were opened after 1996?,,"SELECT COUNT(account_id) FROM account AS T1 INNER JOIN district AS T2 ON T1.district_id = T2.district_id WHERE STRFTIME('%Y', T1.date) > '1996' AND T2.A2 = 'Beroun'",simple
101,financial,List out the accounts who have the earliest trading date in 1995 ?,,"SELECT account_id FROM trans WHERE STRFTIME('%Y', date) = '1995' ORDER BY date ASC LIMIT 1",simple
167,financial,List all the clients' IDs whose junior credit cards were issued after 1996.,After 1996 means date > = '1997-01-01,SELECT T2.client_id FROM card AS T1 INNER JOIN disp AS T2 ON T1.disp_id = T2.disp_id WHERE T1.type = 'junior' AND T1.issued >= '1997-01-01',simple
112,financial,"For the female client who was born in 1976/1/29, which district did she opened her account?",Female refers to gender = 'F'; A2 refers to district names,SELECT T1.A2 FROM district AS T1 INNER JOIN client AS T2 ON T1.district_id = T2.district_id WHERE T2.birth_date = '1976-01-29' AND T2.gender = 'F',simple
108,financial,"For the client who applied the biggest loan, what was his/her first amount of transaction after opened the account?",,"SELECT T3.amount FROM loan AS T1 INNER JOIN account AS T2 ON T1.account_id = T2.account_id INNER JOIN trans AS T3 ON T2.account_id = T3.account_id ORDER BY T1.amount DESC, T3.date ASC LIMIT 1",simple
132,financial,What is the average loan amount by male borrowers?,Male refers to gender = 'M',SELECT AVG(T4.amount) FROM client AS T1 INNER JOIN disp AS T2 ON T1.client_id = T2.client_id INNER JOIN account AS T3 ON T2.account_id = T3.account_id INNER JOIN loan AS T4 ON T3.account_id = T4.account_id WHERE T1.gender = 'M',simple
187,financial,How many clients who choose statement of weekly issuance are Owner?,Frequency = 'POPLATEK TYDNE' refers to weekly issuance,SELECT COUNT(T2.account_id) FROM account AS T1 INNER JOIN disp AS T2 ON T2.account_id = T1.account_id WHERE T1.frequency = 'POPLATEK TYDNE' AND T2.type = 'OWNER',simple
141,financial,"Which districts have transactions greater than USS$10,000 in 1997?",,"SELECT T1.district_id FROM account AS T1 INNER JOIN district AS T2 ON T1.district_id = T2.district_id INNER JOIN trans AS T3 ON T1.account_id = T3.account_id WHERE STRFTIME('%Y', T3.date) = '1997' GROUP BY T1.district_id HAVING SUM(T3.amount) > 10000",simple
105,financial,"There was a loan approved in 1994/8/25, where was that account opened, give the district Id of the branch.",,SELECT T1.district_id FROM account AS T1 INNER JOIN loan AS T2 ON T1.account_id = T2.account_id WHERE T2.date = '1994-08-25',simple
166,financial,How many of the accounts are from Jesenik district?,,SELECT COUNT(T2.account_id) FROM district AS T1 INNER JOIN account AS T2 ON T1.district_id = T2.district_id WHERE T1.A2 = 'Jesenik',simple
109,financial,How many clients opened their accounts in Jesenik branch were women?,A2 has region names; Woman and female share the same meaning; female refers to gender = 'F',SELECT COUNT(T1.client_id) FROM client AS T1 INNER JOIN district AS T2 ON T1.district_id = T2.district_id WHERE T1.gender = 'F' AND T2.A2 = 'Jesenik',simple
146,financial,Who are the female account holders who own credit cards and also have loans?,Female refers to gender = 'F',SELECT T1.client_id FROM client AS T1 INNER JOIN disp AS T2 ON T1.client_id = T2.client_id INNER JOIN account AS T5 ON T2.account_id = T5.account_id INNER JOIN loan AS T3 ON T5.account_id = T3.account_id INNER JOIN card AS T4 ON T2.disp_id = T4.disp_id WHERE T1.gender = 'F',simple
138,financial,"In the branch where the second-highest number of crimes were committed in 1995 occurred, how many male clients are there?",Male refers to gender = 'M'; A15 stands for no. of commited crimes 1995,"SELECT COUNT(T1.client_id) FROM client AS T1 INNER JOIN district AS T2 ON T1.district_id = T2.district_id WHERE T1.gender = 'M' AND T2.A15 = (SELECT T3.A15 FROM district AS T3 ORDER BY T3.A15 DESC LIMIT 1, 1)",moderate
131,financial,Which district has highest active loan?,"A3 refers to district names; Active loan refers to running contracts; Status = 'C' stands for running contract, OK so far; Status = 'D' stands for running contract, client in debt","SELECT T2.A3 FROM account AS T1 INNER JOIN district AS T2 ON T1.district_id = T2.district_id INNER JOIN loan AS T3 ON T1.account_id = T3.account_id WHERE T3.status IN ('C', 'D') GROUP BY T2.A3 ORDER BY SUM(T3.amount) DESC LIMIT 1",moderate
99,financial,"Among the accounts who have loan validity more than 12 months, list out the accounts that have the highest approved amount and have account opening date in 1993.",Loan validity more than 12 months refers to duration > 12,"SELECT T1.account_id FROM loan AS T1 INNER JOIN account AS T2 ON T1.account_id = T2.account_id WHERE STRFTIME('%Y', T2.date) = '1993' AND T1.duration > 12 ORDER BY T1.amount DESC LIMIT 1",moderate
182,financial,How many male customers who were born between 1974 and 1976 have made a payment on their home in excess of $4000?,Man and male refers to gender = 'M'; 'SIPO' stands for household payment,"SELECT COUNT(T1.account_id) FROM trans AS T1 INNER JOIN account AS T2 ON T1.account_id = T2.account_id INNER JOIN disp AS T4 ON T2.account_id = T4.account_id INNER JOIN client AS T3 ON T4.client_id = T3.client_id WHERE STRFTIME('%Y', T3.birth_date) BETWEEN '1974' AND '1976' AND T3.gender = 'M' AND T1.amount > 4000 AND T1.k_symbol = 'SIPO'",moderate
193,financial,List all ID and district for clients that can only have the right to issue permanent orders or apply for loans.,Only the owner accounts have the right to issue permanent orders or apply for loans,"SELECT T3.client_id, T2.district_id, T2.A2 FROM account AS T1 INNER JOIN district AS T2 ON T1.district_id = T2.district_id INNER JOIN disp AS T3 ON T1.account_id = T3.account_id WHERE T3.type = 'OWNER'",moderate
168,financial,What percentage of clients who opened their accounts in the district with an average salary of over 10000 are women?,Female refers to gender = 'F'; Woman and female are closed; Average salary can be found in A11,SELECT CAST(SUM(T2.gender = 'F') AS REAL) * 100 / COUNT(T2.client_id) FROM district AS T1 INNER JOIN client AS T2 ON T1.district_id = T2.district_id WHERE T1.A11 > 10000,moderate
117,financial,What is the percentage of loan amount that has been fully paid with no issue.,"Loan paid with no issue means contract finished, no problems; status = 'A' means contract finished, no problems; Percentage of accounts by condition = [(total(amount) & condition) / (total amount)] * 100%",SELECT (CAST(SUM(CASE WHEN status = 'A' THEN amount ELSE 0 END) AS REAL) * 100) / SUM(amount) FROM loan,moderate
94,financial,"List out the account numbers of female clients who are oldest and has lowest average salary, calculate the gap between this lowest average salary with the highest average salary?","Female means gender = 'F'; A11 refers to average salary; Gap = highest average salary - lowest average salary; If the person A's birthdate > B's birthdate, it means that person B is order than person A.","SELECT T1.account_id , ( SELECT MAX(A11) - MIN(A11) FROM district ) FROM account AS T1 INNER JOIN district AS T2 ON T1.district_id = T2.district_id INNER JOIN disp AS T3 ON T1.account_id = T3.account_id INNER JOIN client AS T4 ON T3.client_id = T4.client_id WHERE T2.district_id = ( SELECT district_id FROM client WHERE gender = 'F' ORDER BY birth_date ASC LIMIT 1 ) ORDER BY T2.A11 DESC LIMIT 1",challenging
115,financial,"For the branch which located in the south Bohemia with biggest number of inhabitants, what is the percentage of the male clients?","Percentage of the male clients = DIVIDE(COUNT(male clients), COUNT(clients)) * 100; Male refers to gender = 'M', A3 is the region name. A4 contains the information about inhabitants.",SELECT CAST(SUM(T1.gender = 'M') AS REAL) * 100 / COUNT(T1.client_id) FROM client AS T1 INNER JOIN district AS T2 ON T1.district_id = T2.district_id WHERE T2.A3 = 'south Bohemia' GROUP BY T2.A4 ORDER BY T2.A4 DESC LIMIT 1,challenging
169,financial,What was the growth rate of the total amount of loans across all accounts for a male client between 1996 and 1997?,Growth rate = (sum of amount_1997 - sum of amount_1996) / (sum of amount_1996) * 100%; Male refers to gender = 'M',"SELECT CAST((SUM(CASE WHEN STRFTIME('%Y', T1.date) = '1997' THEN T1.amount ELSE 0 END) - SUM(CASE WHEN STRFTIME('%Y', T1.date) = '1996' THEN T1.amount ELSE 0 END)) AS REAL) * 100 / SUM(CASE WHEN STRFTIME('%Y', T1.date) = '1996' THEN T1.amount ELSE 0 END) FROM loan AS T1 INNER JOIN account AS T2 ON T1.account_id = T2.account_id INNER JOIN disp AS T3 ON T3.account_id = T2.account_id INNER JOIN client AS T4 ON T4.client_id = T3.client_id WHERE T4.gender = 'M' AND T3.type = 'OWNER'",challenging
202,toxicology,How many triple type bonds are there?,triple type bonds refers to bond_type = '#',SELECT COUNT(T.bond_id) FROM bond AS T WHERE T.bond_type = '#',simple
269,toxicology,How many bond id have element iodine?,iodine refers to element = 'i',SELECT COUNT(T3.bond_id) FROM atom AS T1 INNER JOIN molecule AS T2 ON T1.molecule_id = T2.molecule_id INNER JOIN bond AS T3 ON T2.molecule_id = T3.molecule_id WHERE T1.element = 'i',simple
211,toxicology,Indicate which atoms are connected in non-carcinogenic type molecules.,label = '-' means molecules are non-carcinogenic,SELECT DISTINCT T1.atom_id FROM atom AS T1 INNER JOIN molecule AS T2 ON T1.molecule_id = T2.molecule_id INNER JOIN connected AS T3 ON T1.atom_id = T3.atom_id WHERE T2.label = '-',simple
195,toxicology,What is the most common bond type?,most common bond type refers MAX(COUNT(bond_type)),"SELECT T.bond_type FROM ( SELECT bond_type, COUNT(bond_id) FROM bond GROUP BY bond_type ORDER BY COUNT(bond_id) DESC LIMIT 1 ) AS T",simple
291,toxicology,How many chemical compounds in the database are identified as carcinogenic.,label = '+' mean molecules are carcinogenic;,SELECT COUNT(T.molecule_id) FROM molecule AS T WHERE T.label = '+',simple
293,toxicology,How many atoms belong to the molecule labeled with carcinogenic compounds?,label = '+' mean molecules are carcinogenic;,SELECT COUNT(T1.atom_id) FROM atom AS T1 INNER JOIN molecule AS T2 ON T1.molecule_id = T2.molecule_id WHERE T2.label = '+',simple
321,toxicology,"What is the molecule of atom id ""TR000_2"" and atom id 2 ""TR000_4""?",,SELECT T1.molecule_id FROM bond AS T1 INNER JOIN connected AS T2 ON T1.bond_id = T2.bond_id WHERE T2.atom_id = 'TR000_2' AND T2.atom_id2 = 'TR000_4',simple
300,toxicology,What atoms comprise TR186?,TR186 is a molecule id,SELECT T.atom_id FROM atom AS T WHERE T.molecule_id = 'TR186',simple
296,toxicology,Indicate the molecule id is belonging to the TR000_1_2 bond that has the first atom named TR000_1.,,"SELECT T2.molecule_id, T2.bond_id, T1.atom_id FROM connected AS T1 INNER JOIN bond AS T2 ON T1.bond_id = T2.bond_id WHERE T1.atom_id = 'TR000_1' AND T2.bond_id = 'TR000_1_2'",simple
257,toxicology,List down atom id2 for atoms with element sulfur.,element sulfur refers to element = 's',SELECT DISTINCT T2.atom_id2 FROM atom AS T1 INNER JOIN connected AS T2 ON T1.atom_id = T2.atom_id WHERE T1.element = 's',simple
324,toxicology,Find the percentage of atoms with single bond.,"single bond refers to bond_type = '-'; percentage = DIVIDE(SUM(bond_type = '-'), COUNT(bond_id)) as percentage",SELECT CAST(COUNT(CASE WHEN T.bond_type = '-' THEN T.bond_id ELSE NULL END) AS REAL) * 100 / COUNT(T.bond_id) FROM bond t,simple
331,toxicology,How many of the molecules are carcinogenic?,label = '+' mean molecules are carcinogenic;,SELECT COUNT(T.molecule_id) FROM molecule AS T WHERE T.label = '+',simple
227,toxicology,What is the percentage of molecules that are carcinogenic? Please provide your answer as a percentage with three decimal places.,"label = '+' mean molecules are carcinogenic; percentage = DIVIDE(SUM(label = '+'), COUNT(molecule_id)) as percent","SELECT ROUND(CAST(COUNT(CASE WHEN T.label = '+' THEN T.molecule_id ELSE NULL END) AS REAL) * 100 / COUNT(T.molecule_id),3) FROM molecule t",simple
216,toxicology,Identify all connected atoms with a triple bond.,triple bond refers to bond_type = '#';,"SELECT T2.atom_id, T2.atom_id2 FROM bond AS T1 INNER JOIN connected AS T2 ON T1.bond_id = T2.bond_id WHERE T1.bond_type = '#'",simple
311,toxicology,How many molecules without sulphur element is not having double bond?,double bond refers to bond_type = ' = '; bond_type ! = ' = '; sulphur refers to element = 's',SELECT COUNT(DISTINCT T1.molecule_id) FROM atom AS T1 INNER JOIN bond AS T2 ON T1.molecule_id = T2.molecule_id WHERE T1.element <> 's' AND T2.bond_type <> '=',simple
317,toxicology,Calculate the percentage of carcinogenic molecules which contain the Chlorine element.,"label = '+' mean molecules are carcinogenic; percentage = DIVIDE(SUM(label = '+' and element = 'cl'), COUNT(molecule_id)) as percentage",SELECT COUNT(CASE WHEN T2.label = '+' AND T1.element = 'cl' THEN T2.molecule_id ELSE NULL END) * 100 / COUNT(T2.molecule_id) FROM atom AS T1 INNER JOIN molecule AS T2 ON T1.molecule_id = T2.molecule_id,moderate
329,toxicology,Which carcinogenic molecule have the highest number of atoms consisted in it?,label = '+' mean molecules are carcinogenic; molecule that have the highest number of atoms consisted in in refers to MAX(COUNT(atom.molecule_id)),"SELECT T.molecule_id FROM ( SELECT T2.molecule_id, COUNT(T1.atom_id) FROM atom AS T1 INNER JOIN molecule AS T2 ON T1.molecule_id = T2.molecule_id WHERE T2.label = '+' GROUP BY T2.molecule_id ORDER BY COUNT(T1.atom_id) DESC LIMIT 1 ) t",moderate
222,toxicology,What is the difference between the number of molecules that are carcinogenic and those that are not?,"label = '+' means molecules are carcinogenic; label = '-' means molecules are non-carcinogenic; difference = SUBTRACT(SUM(label = '+'), SUM(label = '-'))",SELECT COUNT(CASE WHEN T.label = '+' THEN T.molecule_id ELSE NULL END) - COUNT(CASE WHEN T.label = '-' THEN T.molecule_id ELSE NULL END) AS diff_car_notcar FROM molecule t,moderate
244,toxicology,Is the molecule with the most double bonds carcinogenic?,double bond refers to bond_type = ' = '; label = '+' mean molecules are carcinogenic,"SELECT T1.label FROM molecule AS T1 INNER JOIN ( SELECT T.molecule_id, COUNT(T.bond_type) FROM bond AS T WHERE T.bond_type = '=' GROUP BY T.molecule_id ORDER BY COUNT(T.bond_type) DESC LIMIT 1 ) AS T2 ON T1.molecule_id = T2.molecule_id",moderate
298,toxicology,Calculate the percentage of molecules containing carcinogenic compounds that element is hydrogen.,"hydrogen refers to element = 'h'; label = '+' mean molecules are carcinogenic; percentage = DIVIDE(SUM(label = '+' and element = 'h'), COUNT(molecule_id)) * 100.0",SELECT CAST(COUNT(CASE WHEN T1.element = 'h' AND T2.label = '+' THEN T2.molecule_id ELSE NULL END) AS REAL) * 100 / COUNT(T2.molecule_id) FROM atom AS T1 INNER JOIN molecule AS T2 ON T1.molecule_id = T2.molecule_id,moderate
280,toxicology,Enumerate the bond ID of triple bond type molecules and tell me if they are carcinogenic or not.,triple bond refers to bond_type = '#'; label = '+' mean molecules are carcinogenic; label = '-' means molecules are non-carcinogenic,"SELECT DISTINCT T1.bond_id, T2.label FROM bond AS T1 INNER JOIN molecule AS T2 ON T1.molecule_id = T2.molecule_id WHERE T1.bond_type = '#'",moderate
228,toxicology,How much of the hydrogen in molecule TR206 is accounted for? Please provide your answer as a percentage with four decimal places.,"hydrogen refers to element = 'h'; TR206 is the molecule id; percentage = DIVIDE(SUM(element = 'h'), COUNT(atom_id)) as percent where molecule_id = 'TR206'","SELECT ROUND(CAST(COUNT(CASE WHEN T.element = 'h' THEN T.atom_id ELSE NULL END) AS REAL) * 100 / COUNT(T.atom_id),4) FROM atom AS T WHERE T.molecule_id = 'TR206'",moderate
328,toxicology,"List all the elements with double bond, consisted in molecule TR024.","double bond refers to bond_type = '='; element = 'cl' means Chlorine; element = 'c' means Carbon; element = 'h' means Hydrogen; element = 'o' means Oxygen, element = 's' means Sulfur; element = 'n' means Nitrogen, element = 'p' means Phosphorus, element = 'na' means Sodium, element = 'br' means Bromine, element = 'f' means Fluorine; element = 'i' means Iodine; element = 'sn' means Tin; element = 'pb' means Lead; element = 'te' means Tellurium; element = 'ca' means Calcium",SELECT T1.element FROM atom AS T1 INNER JOIN bond AS T2 ON T1.molecule_id = T2.molecule_id WHERE T1.molecule_id = 'TR024' AND T2.bond_type = '=',challenging
268,toxicology,What are the elements for bond id TR001_10_11?,TR001_10_11 is the bond id;,SELECT T2.element FROM connected AS T1 INNER JOIN atom AS T2 ON T1.atom_id = T2.atom_id WHERE T1.bond_id = 'TR001_10_11',challenging
306,toxicology,Which molecules have triple bonds and list all the elements they contain.,"triple bond refers to bond_type = '#'; element = 'cl' means Chlorine; element = 'c' means Carbon; element = 'h' means Hydrogen; element = 'o' means Oxygen, element = 's' means Sulfur; element = 'n' means Nitrogen, element = 'p' means Phosphorus, element = 'na' means Sodium, element = 'br' means Bromine, element = 'f' means Fluorine; element = 'i' means Iodine; element = 'sn' means Tin; element = 'pb' means Lead; element = 'te' means Tellurium; element = 'ca' means Calcium","SELECT DISTINCT T1.molecule_id, T2.element FROM bond AS T1 INNER JOIN atom AS T2 ON T1.molecule_id = T2.molecule_id WHERE T1.bond_type = '#'",challenging
365,card_games,"What is the type of card ""Benalish Knight""?",Benalish Knight' is the name of card;,SELECT DISTINCT T1.type FROM cards AS T1 INNER JOIN foreign_data AS T2 ON T1.uuid = T2.uuid WHERE T1.name = 'Benalish Knight',simple
390,card_games,What are the colors of cards from ID 1-20? What are the format of these cards?,ID 1-20 refers to id BETWEEN 1 and 20;,"SELECT T1.colors, T2.format FROM cards AS T1 INNER JOIN legalities AS T2 ON T1.uuid = T2.uuid WHERE T1.id BETWEEN 1 AND 20",simple
384,card_games,List down the uuid for legacy cards and the foreign language of these cards.,legacy card refers to format = 'legacy'; foreign language refers to language in foreign_data,"SELECT T1.uuid, T3.language FROM cards AS T1 INNER JOIN legalities AS T2 ON T1.uuid = T2.uuid INNER JOIN foreign_data AS T3 ON T1.uuid = T3.uuid WHERE T2.format = 'legacy'",simple
441,card_games,State the set code of the set with release date of 07/13/2007?,,SELECT T2.setCode FROM sets AS T1 INNER JOIN set_translations AS T2 ON T2.setCode = T1.code WHERE T1.releaseDate = '2007-07-13',simple
406,card_games,Lists by ID all Creature-type cards with legal status.,legal status refer to status = 'legal'; Goblin-type cards refer to types = 'Creature';,SELECT T1.id FROM cards AS T1 INNER JOIN rulings AS T2 ON T1.uuid = T2.uuid INNER JOIN legalities AS T3 ON T1.uuid = T3.uuid WHERE T3.status = 'Legal' AND T1.types = 'Creature',simple
458,card_games,"How many artists have designed a card with a black border color and is available in both ""arena"" and ""mtgo"" printing type?","available in both ""arena"" and ""mtgo"" refers to availability like '%arena,mtgo%'","SELECT COUNT(CASE WHEN availability LIKE '%arena,mtgo%' AND borderColor = 'black' THEN 1 ELSE NULL END) FROM cards",simple
413,card_games,How many cards with print rarity have ruling text printed on 01/02/2007?,with print rarity refers to rarity = 'rare'; on 01/02/2007 refers to date = '2007-02-01',SELECT COUNT(DISTINCT T1.id) FROM cards AS T1 INNER JOIN rulings AS T2 ON T1.uuid = T2.uuid WHERE T1.rarity = 'rare' AND T2.date = '2007-02-01',simple
525,card_games,Find the uuid of cards in which the old school format is restricted or banned.,old school format refers to format = 'oldschool'; restricted or banned refers to status = 'banned' or 'restricted',SELECT uuid FROM legalities WHERE format = 'oldschool' AND (status = 'Banned' OR status = 'Restricted'),simple
461,card_games,Please list the names of the top 3 cards with the highest converted mana cost and have a 2003 card frame style.,name of cards refers to name; 2003 card frame style refers to frameVersion = '2003',SELECT name FROM cards WHERE frameVersion = 2003 ORDER BY convertedManaCost DESC LIMIT 3,simple
348,card_games,Describe the information about rulings for card named 'Sublime Epiphany' with number 74s.,Sublime Epiphany' is name of cards; number 74s refers to number = '74s'; information refers to text;,SELECT T2.text FROM cards AS T1 INNER JOIN rulings AS T2 ON T1.uuid = T2.uuid WHERE T1.name = 'Sublime Epiphany' AND T1.number = '74s',simple
375,card_games,List down all the card IDs with converted mana cost of 0.,converted mana cost of 0 refers to covertedManaCost = 0;,SELECT id FROM cards WHERE convertedManaCost = 0,simple
504,card_games,How many cards are there in the set 'World Championship Decks 2004' with the converted mana cost as '3'.,the set 'World Championship Decks 2004' refers to name = 'World Championship Decks 2004',SELECT COUNT(id) FROM cards WHERE setCode IN ( SELECT code FROM sets WHERE name = 'World Championship Decks 2004' ) AND convertedManaCost = 3,simple
393,card_games,On how many cards designed by John Avon is its foil non-powerful?,"John Avon refer to artist; foil poweful foils refers to cardKingdomId and cardKingdomFoildId is NOT NULL 
",SELECT COUNT(id) FROM cards WHERE (cardKingdomId IS NULL OR cardKingdomFoilId IS NULL) AND artist = 'John Avon',simple
467,card_games,"How many cards are there in the base set of ""Hauptset Zehnte Edition""?","""Hauptset Zehnte Edition"" refers to translation = 'Hauptset Zehnte Edition'; number of cards refers to baseSetSize",SELECT T1.baseSetSize FROM sets AS T1 INNER JOIN set_translations AS T2 ON T2.setCode = T1.code WHERE T2.translation = 'Hauptset Zehnte Edition',simple
366,card_games,"What is the rule of playing card ""Benalish Knight""?",Benalish Knight' is the name of card; rule of playing card refers to format;,SELECT T2.format FROM cards AS T1 INNER JOIN legalities AS T2 ON T1.uuid = T2.uuid WHERE T1.name = 'Benalish Knight',simple
433,card_games,What is the percentage of the set of cards that have Chinese Simplified as the language and are only available for online games?,"are only available for online games refers to isOnlineOnly = 1; percentage = DIVIDE(COUNT(isOnlineOnly = 1),COUNT(isOnlineOnly))*100",SELECT CAST(SUM(CASE WHEN T2.language = 'Chinese Simplified' AND T1.isOnlineOnly = 1 THEN 1 ELSE 0 END) AS REAL) * 100 / COUNT(*) FROM sets AS T1 INNER JOIN set_translations AS T2 ON T1.code = T2.setCode,moderate
505,card_games,"Show the Simplified Chinese translation of the name of the set ""Mirrodin""?","Simplified Chinese translation refers to language = 'Chinese Simplified'; name of the set ""Mirrodin"" refers to name = 'Mirrodin'",SELECT translation FROM set_translations WHERE setCode IN ( SELECT code FROM sets WHERE name = 'Mirrodin' ) AND language = 'Chinese Simplified',moderate
518,card_games,Which of the play format has the highest number of banned status? Indicate the play format and the names of all the card meet the condition.,play format refers to format; banned status refers to status = 'Banned'; the highest number of banned status refers to MAX(COUNT(status = 'Banned')),"WITH MaxBanned AS (SELECT format, COUNT(*) AS count_banned FROM legalities WHERE status = 'Banned' GROUP BY format ORDER BY COUNT(*) DESC LIMIT 1) SELECT T2.format, T1.name FROM cards AS T1 INNER JOIN legalities AS T2 ON T2.uuid = T1.uuid INNER JOIN MaxBanned MB ON MB.format = T2.format WHERE T2.status = 'Banned'",moderate
407,card_games,Lists all types of cards in German.,"German refer to language; all types refer to the subtypes, supertypes; subtypes is not null AND supertypes is not null","SELECT T1.subtypes, T1.supertypes FROM cards AS T1 INNER JOIN foreign_data AS T2 ON T1.uuid = T2.uuid WHERE T2.language = 'German' AND T1.subtypes IS NOT NULL AND T1.supertypes IS NOT NULL",moderate
511,card_games,What is the most common visual frame effects among the incredibly powerful foils?,"when both cardKingdomFoilId and cardKingdomId are not null, this foil is incredibly powerful; most common visual frame effects refers to MAX(frameEffects)",SELECT frameEffects FROM cards WHERE cardKingdomFoilId IS NOT NULL AND cardKingdomId IS NOT NULL GROUP BY frameEffects ORDER BY COUNT(frameEffects) DESC LIMIT 1,moderate
352,card_games,Calculate the percentage of the cards availabe in Chinese Simplified.,"Chinese Simplified' is the language; percentage = Divide(Sum(id where language = 'Chinese Simplified'), Count(id)) *100",SELECT CAST(SUM(CASE WHEN T2.language = 'Chinese Simplified' THEN 1 ELSE 0 END) AS REAL) * 100 / COUNT(T1.id) FROM cards AS T1 INNER JOIN foreign_data AS T2 ON T1.uuid = T2.uuid,moderate
427,card_games,What languages are available in the set known as Archenemy on the magic card market and having the code ARC?,known as Archenemy refers to mcmName = 'Archenemy'; having the code ARC refers to setCode = 'ARC',SELECT T2.language FROM sets AS T1 INNER JOIN set_translations AS T2 ON T1.code = T2.setCode WHERE T1.mcmName = 'Archenemy' AND T2.setCode = 'ARC',moderate
523,card_games,What is the annual average number of sets that were released between 1/1/2012 to 12/31/2015? Indicate the common langugage of the card.,AVG(id); releaseDate BETWEEN 1/1/2012 AND 12/31/2015; the common language refers to MAX(COUNT(language)),"SELECT (CAST(SUM(T1.id) AS REAL) / COUNT(T1.id)) / 4, T2.language FROM sets AS T1 INNER JOIN set_translations AS T2 ON T1.id = T2.id WHERE T1.releaseDate BETWEEN '2012-01-01' AND '2015-12-31' GROUP BY T1.releaseDate ORDER BY COUNT(T2.language) DESC LIMIT 1",challenging
513,card_games,"Among the sets whose expansion type is Commander, which set has the highest total number of cards including promotional and related supplemental products but excluding Alchemy modifications? Indicate the id of the set.","expansion type refers to type where type = 'commander'; totalSetSize: The total number of cards in the set, including promotional and related supplemental products but excluding Alchemy modifications; highest total number of cards refers to MAX(totalSetSize)",SELECT id FROM sets WHERE type = 'commander' ORDER BY totalSetSize DESC LIMIT 1,challenging
371,card_games,What is the percentage of cards whose language is French among the Story Spotlight cards?,"Story Spotlight card refers to isStorySpotlight = 1; French is the language; Percentage = Divide(Count(id) where language = 'French' and isStorySpotlight = 1, Count(id) where isStorySpotlight = 1)*100",SELECT CAST(SUM(CASE WHEN T2.language = 'French' THEN 1 ELSE 0 END) AS REAL) * 100 / COUNT(T1.id) FROM cards AS T1 INNER JOIN foreign_data AS T2 ON T1.uuid = T2.uuid WHERE T1.isStorySpotlight = 1,challenging
622,codebase_community,"State the name of badge that the user whose display name is ""Sharpie"" obtained.","""Sharpie"" is the DisplayName of user; user refers to UserId",SELECT T2.Name FROM users AS T1 INNER JOIN badges AS T2 ON T1.Id = T2.UserId WHERE T1.DisplayName = 'Sharpie',simple
550,codebase_community,From which post is the most popular tag excerpted from? Please give the body of the post.,most popular tag refers to Max(Count); excerpt from refer to ExcerptPostId,SELECT Body FROM posts WHERE id = ( SELECT ExcerptPostId FROM tags ORDER BY Count DESC LIMIT 1 ),simple
628,codebase_community,Which users have the highest number of views?,users have the highest number of views refer to DisplayName where MAX(Views);,"SELECT Id, DisplayName FROM users WHERE Views = ( SELECT MAX(Views) FROM users )",simple
627,codebase_community,How many users were adult?,adult refers to user where Age BETWEEN 19 and 65;,SELECT COUNT(id) FROM users WHERE Age BETWEEN 19 AND 65,simple
706,codebase_community,Give the texts commented on the post about linear regression.,about linear regression refers to Title contains 'linear regression',SELECT T1.Text FROM comments AS T1 INNER JOIN posts AS T2 ON T1.PostId = T2.Id WHERE T2.Title LIKE '%linear regression%',simple
566,codebase_community,"For the owner user of post No. 65041, what is his/her reputation points?",post no. 65041 refers to Id = '65041'; reputation point refers to Reputation,SELECT T1.Reputation FROM users AS T1 INNER JOIN posts AS T2 ON T1.Id = T2.OwnerUserId WHERE T2.Id = 65041,simple
624,codebase_community,What is the name of user with the ID of 30?,name of user refers to DisplayName;,SELECT DisplayName FROM users WHERE Id = 30,simple
609,codebase_community,How many posts have a score of 10 on the list?,score of 10 refers to Score = 10; post refers to Id,SELECT COUNT(id) FROM posts WHERE Score = 10,simple
599,codebase_community,What are the post history type IDs for post ID 3720 and how many unique users have commented on the post?,,"SELECT T1.PostHistoryTypeId, (SELECT COUNT(DISTINCT UserId) FROM comments WHERE PostId = 3720) AS NumberOfUsers FROM postHistory AS T1 WHERE T1.PostId = 3720",simple
631,codebase_community,How many posts were created by Daniel Vassallo?,DisplayName = 'Daniel Vassallo';,SELECT COUNT(T1.Id) FROM users AS T1 INNER JOIN postHistory AS T2 ON T1.Id = T2.UserId WHERE T1.DisplayName = 'Daniel Vassallo',simple
585,codebase_community,How much is the total bounty amount of the post titled about 'data',About data means the title contains 'data'; total bounty Amount refers to Sum(BountyAmount),SELECT SUM(T2.BountyAmount) FROM posts AS T1 INNER JOIN votes AS T2 ON T1.Id = T2.PostId WHERE T1.Title LIKE '%data%',simple
543,codebase_community,"For the post that got the most number of answers owned by csgillespie, how many answers did it get?","""csgillespie"" is the DisplayName of user; the most number of answer refers to Max(AnswerCount)",SELECT MAX(T1.AnswerCount) FROM posts AS T1 INNER JOIN users AS T2 ON T1.OwnerUserId = T2.Id WHERE T2.DisplayName = 'csgillespie',simple
573,codebase_community,Write the contents of comments with a score of 17.,score of 17 refers to Score = 17; contents of comments refers to Text,SELECT Text FROM comments WHERE Score = 17,simple
540,codebase_community,What is the title of the post that is owned by csgillespie and has the highest popularity?,"""csgillespie"" is the DisplayName of user; highest popularity refers to Max(ViewCount)",SELECT T1.Title FROM posts AS T1 INNER JOIN users AS T2 ON T1.OwnerUserId = T2.Id WHERE T2.DisplayName = 'csgillespie' ORDER BY T1.ViewCount DESC LIMIT 1,simple
551,codebase_community,How many badges has the user csgillespie obtained?,"""csgillespie"" is the DisplayName of user",SELECT COUNT(T1.Id) FROM badges AS T1 INNER JOIN users AS T2 ON T1.UserId = T2.Id WHERE T2.DisplayName = 'csgillespie',simple
707,codebase_community,"Among the posts with views ranging from 100 to 150, what is the comment with the highest score?",views ranging from 100 to 150 refers to ViewCount BETWEEN 100 and 150; comment with the highest score refers to Text where MAX(Score);,SELECT Text FROM comments WHERE PostId IN ( SELECT Id FROM posts WHERE ViewCount BETWEEN 100 AND 150 ) ORDER BY Score DESC LIMIT 1,moderate
637,codebase_community,State all the tags used by Mark Meckes in his posts that doesn't have comments.,used by Mark Meckes refers to DisplayName = 'Mark Meckes'; Doen't have comments refers to CommentCount = 0;,SELECT T3.Tags FROM users AS T1 INNER JOIN postHistory AS T2 ON T1.Id = T2.UserId INNER JOIN posts AS T3 ON T3.Id = T2.PostId WHERE T1.DisplayName = 'Mark Meckes' AND T3.CommentCount = 0,moderate
683,codebase_community,What is the percentage of posts whose owners had a reputation of over 1000 in 2011?,"percentage = DIVIDE(COUNT(Id where YEAR(CreationDate) = 2011 and Reputation > 1000), COUNT(Id) ) * 100;","SELECT CAST(SUM(IIF(STRFTIME('%Y', T2.CreaionDate) = '2011' AND T1.Reputation > 1000, 1, 0)) AS REAL) * 100 / COUNT(T1.Id) FROM users AS T1 INNER JOIN posts AS T2 ON T1.Id = T2.OwnerUserId",moderate
652,codebase_community,List the post IDs and badge names of the user Samuel in 2013.,Samuel refers to UserDisplayName; YEAR(CreationDate) = 2013 relates to PostId; YEAR(Date) = 2013 relates to the badge;,"SELECT T1.PostId, T2.Name FROM postHistory AS T1 INNER JOIN badges AS T2 ON T1.UserId = T2.UserId WHERE T1.UserDisplayName = 'Samuel' AND STRFTIME('%Y', T1.CreationDate) = '2013' AND STRFTIME('%Y', T2.Date) = '2013'",moderate
584,codebase_community,Write all the comments left by users who edited the post titled 'Why square the difference instead of taking the absolute value in standard deviation?',"""Why square the difference instead of taking the absolute value in standard deviation?"" is the Title of post;",SELECT T2.Comment FROM posts AS T1 INNER JOIN postHistory AS T2 ON T1.Id = T2.PostId WHERE T1.Title = 'Why square the difference instead of taking the absolute value in standard deviation?',moderate
587,codebase_community,Calculate the average view count of each post tagged as 'humor' and list the title and the comment of each post.,tagged as  'humor' refers to tag = '<humor>'; comment of the post refers to Text; average view count = AVG(ViewCount),"SELECT AVG(T2.ViewCount), T2.Title, T1.Text FROM comments AS T1 INNER JOIN posts AS T2 ON T2.Id = T1.PostId  WHERE T2.Tags = '<humor>' GROUP BY T2.Title, T1.Text ",moderate
708,codebase_community,List the creation date and age of the user that commented with webiste.,commented with webiste refers to the value contains 'http://',"SELECT T2.CreationDate, T2.Age FROM comments AS T1 INNER JOIN users AS T2 ON T1.UserId = T2.Id WHERE T1.text LIKE '%http://%'",moderate
598,codebase_community,What is the percentage difference of student badges given during 2010 and 2011?,"student badges refers to badge's name = 'Student'; during 2010 refers to Year(Date) = 2010; during 2011 refers to Year(Date) = 2011; percentage difference = Subtract (Divide(Count(Name where Year(Date) = 2010), Count (Name)) *100, Divide(Count(Name where Year(Date) = 2011), Count(Name)) * 100)","SELECT CAST(SUM(IIF(STRFTIME('%Y', Date) = '2010', 1, 0)) AS REAL) * 100 / COUNT(Id) - CAST(SUM(IIF(STRFTIME('%Y', Date) = '2011', 1, 0)) AS REAL) * 100 / COUNT(Id) FROM badges WHERE Name = 'Student'",challenging
701,codebase_community,"Among all the posts posted by the most influential user, identify the percentage with a score above 50.","The higher reputation the user has the more influence; percentage = DIVIDE(COUNT(stats_posts.Id where Score > 50 and MAX(Reputation))), COUNT(stats_posts.Id where MAX(Reputation));",SELECT CAST(SUM(CASE WHEN T2.Score > 50 THEN 1 ELSE 0 END) AS REAL) * 100 / COUNT(T1.Id) FROM users T1 INNER JOIN posts T2 ON T1.Id = T2.OwnerUserId INNER JOIN ( SELECT MAX(Reputation) AS max_reputation FROM users ) T3 ON T1.Reputation = T3.max_reputation,challenging
634,codebase_community,"Among posts by Harvey Motulsky and Noah Snyder, which one has higher popularity?",Has higher popularity means the post has higher view count ; calculation = MAX(SUM(ViewCount)) where DisplayName = 'Harvey Motulsky' OR DisplayName = 'Noah Snyder';,SELECT T1.DisplayName FROM users AS T1 INNER JOIN postHistory AS T2 ON T1.Id = T2.UserId INNER JOIN posts AS T3 ON T2.PostId = T3.Id WHERE T1.DisplayName = 'Harvey Motulsky' OR T1.DisplayName = 'Noah Snyder' GROUP BY T1.DisplayName ORDER BY SUM(T3.ViewCount) DESC LIMIT 1,challenging
765,superhero,How many heroes have stealth power?,stealth power refers to power_name = 'stealth';,SELECT COUNT(T1.hero_id) FROM hero_power AS T1 INNER JOIN superpower AS T2 ON T1.power_id = T2.id WHERE T2.power_name = 'Stealth',simple
717,superhero,Please list all the superpowers of 3-D Man.,3-D Man refers to superhero_name = '3-D Man'; superpowers refers to power_name,SELECT T3.power_name FROM superhero AS T1 INNER JOIN hero_power AS T2 ON T1.id = T2.hero_id INNER JOIN superpower AS T3 ON T2.power_id = T3.id WHERE T1.superhero_name = '3-D Man',simple
754,superhero,What is the superpower of hero ID 56?,superpower refers to hero_power,SELECT T2.power_name FROM hero_power AS T1 INNER JOIN superpower AS T2 ON T1.power_id = T2.id WHERE T1.hero_id = 56,simple
767,superhero,What is the average of superheroes with no skin colour?,"average = DIVIDE(COUNT(superhero.id), SUM(skin_colour_id = 1)); no skin colour refers to skin_colour_id WHERE colour.id = 1;",SELECT CAST(COUNT(*) AS REAL) / SUM(CASE WHEN T2.id = 1 THEN 1 ELSE 0 END) FROM superhero AS T1 INNER JOIN colour AS T2 ON T1.skin_colour_id = T2.id,simple
748,superhero,What is the eye colour of superhero with superhero ID 75?,eye colour refers to colour where eye_colour_id = colour.id;,SELECT T2.colour FROM superhero AS T1 INNER JOIN colour AS T2 ON T1.eye_colour_id = T2.id WHERE T1.id = 75,simple
763,superhero,Indicate the attribute value of superhero Abomination.,Abomination refers to superhero_name = 'Abomination';,SELECT T2.attribute_value FROM superhero AS T1 INNER JOIN hero_attribute AS T2 ON T1.id = T2.hero_id WHERE T1.superhero_name = 'Abomination',simple
735,superhero,How many superheroes with blonde hair are there?,superheroes with blonde hair refers to colour = 'Blond' where hair_colour_id = colour.id,SELECT COUNT(T1.id) FROM superhero AS T1 INNER JOIN colour AS T2 ON T1.hair_colour_id = T2.id WHERE T2.colour = 'Blond',simple
832,superhero,Name the tallest superhero.,tallest superhero refers to MAX(height_cm);,SELECT superhero_name FROM superhero ORDER BY height_cm DESC LIMIT 1,simple
722,superhero,What is the colour of Apocalypse's skin?,Apocalypse refers to superhero_name = 'Apocalypse'; colour of skin refers to colour where skin_colour_id = colour.id,SELECT T2.colour FROM superhero AS T1 INNER JOIN colour AS T2 ON T1.skin_colour_id = T2.id WHERE T1.superhero_name = 'Apocalypse',simple
738,superhero,Which superheroes have a durability attribute value of less than 50?,durability of less than 50 refers to attribute_name = 'Durability' AND attribute_value < 50,SELECT superhero_name FROM superhero AS T1 WHERE EXISTS (SELECT 1 FROM hero_attribute AS T2 INNER JOIN attribute AS T3 ON T2.attribute_id = T3.id WHERE T3.attribute_name = 'Durability' AND T2.attribute_value < 50 AND T1.id = T2.hero_id),simple
793,superhero,"Among the superheroes with the race of god/eternal, how many of them are male","race ""god/eternal"" refers to race_id = 21; male refers to gender.id = 1",SELECT COUNT(*) FROM superhero AS T1 INNER JOIN race AS T2 ON T1.race_id = T2.id INNER JOIN gender AS T3 ON T3.id = T1.gender_id WHERE T1.race_id = 21 AND T1.gender_id = 1,simple
770,superhero,What is the eyes colour of Abraham Sapien?,eye colour refers to colour.colour where eye_colour_id = colour.id; Abraham Sapien is the full name of superhero;,SELECT T2.colour FROM superhero AS T1 INNER JOIN colour AS T2 ON T1.eye_colour_id = T2.id WHERE T1.full_name = 'Abraham Sapien',simple
826,superhero,Identify the heaviest superhero in DC Comics.,heaviest refers to MAX(weight_kg); DC Comics refers to publisher_name = 'DC Comics'; superhero refers to superhero_name;,SELECT T1.superhero_name FROM superhero AS T1 INNER JOIN publisher AS T2 ON T1.publisher_id = T2.id WHERE T2.publisher_name = 'DC Comics' ORDER BY T1.weight_kg DESC LIMIT 1,simple
774,superhero,Which group does superhero A-Bomb belong to?,group refers to race; A-Bomb refers to superhero_name = 'A-Bomb';,SELECT T2.race FROM superhero AS T1 INNER JOIN race AS T2 ON T1.race_id = T2.id WHERE T1.superhero_name = 'A-Bomb',simple
828,superhero,Count the fastest superheroes.,fastest refers to attribute_value = 100 WHERE attribute_name = 'Speed';,SELECT COUNT(T3.superhero_name) FROM hero_attribute AS T1 INNER JOIN attribute AS T2 ON T1.attribute_id = T2.id INNER JOIN superhero AS T3 ON T1.hero_id = T3.id WHERE T2.attribute_name = 'Speed' AND T1.attribute_value = 100,simple
830,superhero,Identify the weakest attribute of the Black Panther.,weakest attribute refers to attribute_name WHERE MIN(attribute_value); Black Panther refers to superhero_name = 'Black Panther';,SELECT T3.attribute_name FROM superhero AS T1 INNER JOIN hero_attribute AS T2 ON T1.id = T2.hero_id INNER JOIN attribute AS T3 ON T2.attribute_id = T3.id WHERE T1.superhero_name = 'Black Panther' ORDER BY T2.attribute_value ASC LIMIT 1,moderate
786,superhero,How many heroes have the highest attribute value in strength?,highest attribute value in strength refers to MAX(attribute_value) WHERE attribute_name = 'Strength';,SELECT COUNT(T1.hero_id) FROM hero_attribute AS T1 INNER JOIN attribute AS T2 ON T1.attribute_id = T2.id WHERE T2.attribute_name = 'Strength' AND T1.attribute_value = ( SELECT MAX(attribute_value) FROM hero_attribute ),moderate
822,superhero,How many green-skinned villains are there in the superhero universe?,green-skinned refers to colour.colour = 'Green' WHERE skin_colour_id = colour.id; villains refers to alignment = 'Bad';,SELECT COUNT(T1.id) FROM superhero AS T1 INNER JOIN alignment AS T2 ON T1.alignment_id = T2.id INNER JOIN colour AS T3 ON T1.skin_colour_id = T3.id WHERE T2.alignment = 'Bad' AND T3.colour = 'Green',moderate
794,superhero,Which hero was the fastest?,which hero refers to superhero_name; fastest refers to MAX(attribute_value) WHERE attribute_name = 'Speed';,SELECT T1.superhero_name FROM superhero AS T1 INNER JOIN hero_attribute AS T2 ON T1.id = T2.hero_id INNER JOIN attribute AS T3 ON T2.attribute_id = T3.id WHERE T3.attribute_name = 'Speed' ORDER BY T2.attribute_value DESC LIMIT 1,moderate
740,superhero,How many female superheroes have a strength value of 100?,female refers to gender = 'Female'; strength value of 100 refers to attribute_name = 'Strength' AND attribute_value = 100,SELECT COUNT(T1.id) FROM superhero AS T1 INNER JOIN hero_attribute AS T2 ON T1.id = T2.hero_id INNER JOIN attribute AS T3 ON T2.attribute_id = T3.id INNER JOIN gender AS T4 ON T1.gender_id = T4.id WHERE T3.attribute_name = 'Strength' AND T2.attribute_value = 100 AND T4.gender = 'Female',moderate
751,superhero,List down at least five superpowers of male superheroes.,male refers to gender = 'Male'; superpowers refers to power_name;,SELECT T3.power_name FROM superhero AS T1 INNER JOIN hero_power AS T2 ON T1.id = T2.hero_id INNER JOIN superpower AS T3 ON T3.id = T2.power_id INNER JOIN gender AS T4 ON T4.id = T1.gender_id WHERE T4.gender = 'Male' LIMIT 5,moderate
797,superhero,Which superheroes have blue eyes with brown hair?,which superheroes refers to superhero_name; blue eyes refers to color = 'Blue' and color.id = eye_colour_id; brown hair refers to color = 'Brown' and color.id = hair_colour_id;,SELECT T1.superhero_name FROM superhero AS T1 INNER JOIN colour AS T2 ON T1.eye_colour_id = T2.id INNER JOIN colour AS T3 ON T1.hair_colour_id = T3.id WHERE T2.colour = 'Blue' AND T3.colour = 'Brown',moderate
788,superhero,How many percent of female heroes were published by Marvel Comics?,"percent = MULTIPLY(DIVIDE(SUM(gender = 'Female' WHERE publisher_name = 'Marvel Comics'), COUNT(publisher_name = 'Marvel Comics')), 100); female heroes refers to gender = 'Female'; Marvel Comics refers to publisher_name = 'Marvel Comics';",SELECT CAST(COUNT(CASE WHEN T2.publisher_name = 'Marvel Comics' THEN 1 ELSE NULL END) AS REAL) * 100 / COUNT(T1.id) FROM superhero AS T1 INNER JOIN publisher AS T2 ON T1.publisher_id = T2.id INNER JOIN gender AS T3 ON T1.gender_id = T3.id WHERE T3.gender = 'Female',challenging
819,superhero,"In superheroes with missing weight data, calculate the difference between the number of superheroes with blue eyes and no eye color.","missing weight data refers to weight_kg = 0 OR T1.weight_kg = NULL; difference = SUBTRACT(SUM(colour.id = 7), SUM(colour.id = 1)); blue eyes refers to eye_colour_id WHERE colour.id = 7; no eye color refers to eye_colour_id WHERE colour.id = 1;",SELECT SUM(CASE WHEN T2.id = 7 THEN 1 ELSE 0 END) - SUM(CASE WHEN T2.id = 1 THEN 1 ELSE 0 END) FROM superhero AS T1 INNER JOIN colour AS T2 ON T1.eye_colour_id = T2.id WHERE T1.weight_kg = 0 OR T1.weight_kg is NULL,challenging
724,superhero,Please list the superhero names of all the superheroes that have blue eyes and blond hair.,"blue eyes refers to colour = 'Blue' and eye_colour_id = colour.id; blond hair refers to colour = 'Blond' and hair_colour_id = colour.id; super power of ""Agility"" refers to power_name = 'Agility'",SELECT T1.superhero_name FROM superhero AS T1 INNER JOIN colour AS T2 ON T1.eye_colour_id = T2.id INNER JOIN colour AS T3 ON T1.hair_colour_id = T3.id WHERE T2.colour = 'Blue' AND T3.colour = 'Blond',challenging
910,formula_1,What's the location coordinates of Silverstone Circuit?,"location coordinates refers to (lat, lng); Silverstone Circuit refers to circuits.name = 'Silverstone Circuit'","SELECT lat, lng FROM circuits WHERE name = 'Silverstone Circuit'",simple
851,formula_1,Please list the positions of the circuits built by the constructor Renault.,Renault is a name of constructor;,SELECT DISTINCT T1.position FROM constructorStandings AS T1 INNER JOIN constructors AS T2 ON T2.constructorId = T1.constructorId WHERE T2.name = 'Renault',simple
919,formula_1,Which circuit did the 2009 Spanish Grand Prix use?,,SELECT T1.name FROM circuits AS T1 INNER JOIN races AS T2 ON T2.circuitID = T1.circuitId WHERE T2.year = 2009 AND T2.name = 'Spanish Grand Prix',simple
907,formula_1,List all races in 2017 and the hosting country order by date of the event.,,"SELECT DISTINCT T2.name, T1.country FROM circuits AS T1 INNER JOIN races AS T2 ON T2.circuitID = T1.circuitId WHERE T2.year = 2017 ORDER BY T2.date ASC",simple
858,formula_1,Which country is the constructor which got 1 point in the race No. 24 from?,race number refers to raceId;,SELECT T2.nationality FROM constructorResults AS T1 INNER JOIN constructors AS T2 ON T2.constructorId = T1.constructorId WHERE T1.raceId = 24 AND T1.points = 1,simple
967,formula_1,State code numbers of top 3 yougest drivers. How many Netherlandic drivers among them?,youngest driver refers to Max (year(dob)); Netherlandic and Dutch refer to the same country,SELECT COUNT(*) FROM ( SELECT T1.nationality FROM drivers AS T1 ORDER BY JULIANDAY(T1.dob) DESC LIMIT 3) AS T3 WHERE T3.nationality = 'Dutch',simple
948,formula_1,What are the maximum points of British constructors?,maximum points = MAX(points); British is a nationality,SELECT MAX(T1.points) FROM constructorStandings AS T1 INNER JOIN constructors AS T2 on T1.constructorId = T2.constructorId WHERE T2.nationality = 'British',simple
979,formula_1,What race number has the most finishers?,finisher refers to time is not null;,SELECT raceId FROM results GROUP BY raceId ORDER BY COUNT(time IS NOT NULL) DESC LIMIT 1,simple
893,formula_1,Name the top 3 drivers and the points they scored in the 2017 Chinese Grand Prix.,,"SELECT T3.forename, T3.surname, T2.points FROM races AS T1 INNER JOIN driverStandings AS T2 ON T2.raceId = T1.raceId INNER JOIN drivers AS T3 ON T3.driverId = T2.driverId WHERE T1.name = 'Chinese Grand Prix' AND T1.year = 2017 ORDER BY T2.points DESC LIMIT 3",simple
859,formula_1,What's Bruno Senna's Q1 result in the qualifying race No. 354?,race number refers to raceId; Bruno Senna refers to the full name of the driver; Full name of the driver refers to drivers.forename and drivers.surname;,SELECT T1.q1 FROM qualifying AS T1 INNER JOIN drivers AS T2 ON T2.driverId = T1.driverId WHERE T1.raceId = 354 AND T2.forename = 'Bruno' AND T2.surname = 'Senna',simple
902,formula_1,Which race was Alex Yoong in when he was in track number less than 20?,Alex Yoong refers to the full name of the driver; Full name of the driver refers to drivers.forename and drivers.surname;track number less than 10 refers to position < 20,SELECT T1.name FROM races AS T1 INNER JOIN driverStandings AS T2 ON T2.raceId = T1.raceId INNER JOIN drivers AS T3 ON T3.driverId = T2.driverId WHERE T3.forename = 'Alex' AND T3.surname = 'Yoong' AND T2.position < 20,simple
878,formula_1,Who was the driver that got the best lap time in the race No. 348? Give his full name.,race number refers to raceId; the best lap time refers to MIN(time),"SELECT T2.forename, T2.surname FROM lapTimes AS T1 INNER JOIN drivers AS T2 ON T2.driverId = T1.driverId WHERE T1.raceId = 348 ORDER BY T1.time ASC LIMIT 1",simple
982,formula_1,How many American drivers have puncture status.,puncture status refers to status = Puncture;,SELECT COUNT(T1.driverId) FROM drivers AS T1 INNER JOIN results AS T2 on T1.driverId = T2.driverId INNER JOIN status AS T3 on T2.statusId = T3.statusId WHERE T3.status = 'Puncture' AND T1.nationality = 'American',simple
997,formula_1,Which citizenship do the vast majority of the drivers hold?,"Citizenship of majority of drivers = MAX(nationality); citizenship and nationality are synonyms

",SELECT nationality FROM drivers GROUP BY nationality ORDER BY COUNT(driverId) DESC LIMIT 1,simple
868,formula_1,Where is Malaysian Grand Prix held? Give the location coordinates.,"location coordinates refers to (lat, lng); Malaysian Grand Prix refers to races.name = 'Malaysian Grand Prix'","SELECT DISTINCT T1.lat, T1.lng FROM circuits AS T1 INNER JOIN races AS T2 ON T2.circuitID = T1.circuitId WHERE T2.name = 'Malaysian Grand Prix'",simple
995,formula_1,What is the average score of Lewis Hamilton among all the Turkish Grand Prix?,Average score = AVG(points),SELECT AVG(T2.points) FROM drivers AS T1 INNER JOIN driverStandings AS T2 ON T1.driverId = T2.driverId INNER JOIN races AS T3 ON T3.raceId = T2.raceId WHERE T1.forename = 'Lewis' AND T1.surname = 'Hamilton' AND T3.name = 'Turkish Grand Prix',moderate
940,formula_1,"Among the drivers that finished the race in the 2008 Chinese Grand Prix, how many of them have participated in Formula_1 races?",COUNT(raceID) > 0 reveals that this driver participated in races; drivers who finished the race refers to time has value.,SELECT COUNT(*) FROM ( SELECT T1.driverId FROM results AS T1 INNER JOIN races AS T2 on T1.raceId = T2.raceId WHERE T2.name = 'Chinese Grand Prix' AND T2.year = 2008 AND T1.time IS NOT NULL GROUP BY T1.driverId HAVING COUNT(T2.raceId) > 0 ),moderate
942,formula_1,What is the average fastest lap time in seconds for Lewis Hamilton in all the Formula_1 races?,average fastest lap time = avg(fastestLapTime); The time is recorded on 'MM:SS.mmm',"SELECT AVG(CAST(SUBSTR(T2.fastestLapTime, 1, INSTR(T2.fastestLapTime, ':') - 1) AS INTEGER) * 60 + CAST(SUBSTR(T2.fastestLapTime, INSTR(T2.fastestLapTime, ':') + 1) AS REAL)) FROM drivers AS T1 INNER JOIN results AS T2 ON T1.driverId = T2.driverId WHERE T1.surname = 'Hamilton' AND T1.forename = 'Lewis'",moderate
992,formula_1,"Find the full name, Wiki Pedia page link, and date of birth of German drivers born between 1971 and 1985. List it in descending order of date of birth.",FFull name refers to forname+surname; Nationality refers to German; Date of birth refers to dob; year(dob) BETWEEN '1971' AND '1985',"SELECT forename, surname, url, dob FROM drivers WHERE nationality = 'German' AND STRFTIME('%Y', dob) BETWEEN '1971' AND '1985' ORDER BY dob DESC",moderate
981,formula_1,"On what year did the youngest driver had his first qualifying race? Also state the name, date and time of the race.","date of birth refers to drivers.dob; The larger the birthday value, the younger the person is, and vice versa; first qualifying race refers to MIN(races.date);","SELECT T3.year, T3.name, T3.date, T3.time FROM qualifying AS T1 INNER JOIN drivers AS T2 on T1.driverId = T2.driverId INNER JOIN races AS T3 on T1.raceId = T3.raceId WHERE T1.driverId = ( SELECT driverId FROM drivers ORDER BY dob DESC LIMIT 1 ) ORDER BY T3.date ASC LIMIT 1",moderate
1003,formula_1,How many accidents did the driver who had the highest number accidents in the Canadian Grand Prix have?,"number of accidents refers to the number where statusid = 3; Canadian Grand Prix refers to the race of name
",SELECT COUNT(T1.driverId) FROM results AS T1 INNER JOIN races AS T2 on T1.raceId = T2.raceId INNER JOIN status AS T3 on T1.statusId = T3.statusId WHERE T3.statusId = 3 AND T2.name = 'Canadian Grand Prix' GROUP BY T1.driverId ORDER BY COUNT(T1.driverId) DESC LIMIT 1,moderate
869,formula_1,"For the constructor which got the highest point in the race No. 9 , what is its introduction website?",race number refers to raceId; constructor which got the highest point refers to MAX(constructorResults.points); introduction website of the constructor refers to url;,SELECT T2.url FROM constructorResults AS T1 INNER JOIN constructors AS T2 ON T2.constructorId = T1.constructorId WHERE T1.raceId = 9 ORDER BY T1.points DESC LIMIT 1,moderate
1001,formula_1,What is full name of the racer who ranked 1st in the 3rd qualifying race held in the Marina Bay Street Circuit in 2008?,"Ranked 1st in the 3rd qualifying race refer to MIN(q3); 2008 is the year of race; full name of racer = forename, surname","SELECT T2.forename, T2.surname FROM qualifying AS T1 INNER JOIN drivers AS T2 on T1.driverId = T2.driverId INNER JOIN races AS T3 ON T1.raceid = T3.raceid WHERE q3 IS NOT NULL AND T3.year = 2008 AND T3.circuitId IN ( SELECT circuitId FROM circuits WHERE name = 'Marina Bay Street Circuit' ) ORDER BY CAST(SUBSTR(q3, 1, INSTR(q3, ':') - 1) AS INTEGER) * 60 + CAST(SUBSTR(q3, INSTR(q3, ':') + 1, INSTR(q3, '.') - INSTR(q3, ':') - 1) AS REAL) + CAST(SUBSTR(q3, INSTR(q3, '.') + 1) AS REAL) / 1000 ASC LIMIT 1",challenging
1011,formula_1,Which top 20 driver created the shortest lap time ever record in a Formula_1 race? Please give them full names.,"shortest lap time refers to MIN(time); the time format for the shortest lap time is 'MM:SS.mmm' or 'M:SS.mmm'; full name of the driver refers to forename, surname","WITH lap_times_in_seconds AS (SELECT driverId, (CASE WHEN SUBSTR(time, 1, INSTR(time, ':') - 1) <> '' THEN CAST(SUBSTR(time, 1, INSTR(time, ':') - 1) AS REAL) * 60 ELSE 0 END + CASE WHEN SUBSTR(time, INSTR(time, ':') + 1, INSTR(time, '.') - INSTR(time, ':') - 1) <> '' THEN CAST(SUBSTR(time, INSTR(time, ':') + 1, INSTR(time, '.') - INSTR(time, ':') - 1) AS REAL) ELSE 0 END + CASE WHEN SUBSTR(time, INSTR(time, '.') + 1) <> '' THEN CAST(SUBSTR(time, INSTR(time, '.') + 1) AS REAL) / 1000 ELSE 0 END) AS time_in_seconds FROM lapTimes) SELECT T2.forename, T2.surname, T1.driverId FROM (SELECT driverId, MIN(time_in_seconds) AS min_time_in_seconds FROM lap_times_in_seconds GROUP BY driverId) AS T1 INNER JOIN drivers AS T2 ON T1.driverId = T2.driverId ORDER BY T1.min_time_in_seconds ASC LIMIT 20",challenging
880,formula_1,"Paul di Resta was in the No. 853 race, what percent faster did he finish in the 853rd race than the next race for the fastest lap speed?","Paul di Resta refers to the full name of the driver; Full name of the driver refers to drivers.forename ='Paul' and drivers.surname = 'di Resta'; race number refers to raceId; percentage = DIVIDE(SUBTRACT(fastestLapSpeed(raceId = 853), (fastestLapSpeed (raceId = 854)) * 100 , (fastestLapSpeed(raceId = 853))","SELECT (SUM(IIF(T2.raceId = 853, T2.fastestLapSpeed, 0)) - SUM(IIF(T2.raceId = 854, T2.fastestLapSpeed, 0))) * 100 / SUM(IIF(T2.raceId = 853, T2.fastestLapSpeed, 0)) FROM drivers AS T1 INNER JOIN results AS T2 ON T2.driverId = T1.driverId WHERE T1.forename = 'Paul' AND T1.surname = 'di Resta'",challenging
1131,european_football_2,What is the average heights of Italy players?,average heights refers to Avg(height); Italy is name of country,SELECT CAST(SUM(T1.height) AS REAL) / COUNT(T1.id) FROM Player AS T1 INNER JOIN Match AS T2 ON T1.id = T2.id INNER JOIN Country AS T3 ON T2.country_id = T3.ID WHERE T3.NAME = 'Italy',simple
1142,european_football_2,"In the 2015–2016 season, how many games were played in the Italian Serie A league?",In the 2015–2016 season refers to season = '2015/2016',SELECT COUNT(t2.id) FROM League AS t1 INNER JOIN Match AS t2 ON t1.id = t2.league_id WHERE t1.name = 'Italy Serie A' AND t2.season = '2015/2016',simple
1020,european_football_2,Which player has the highest overall rating? Indicate the player's api id.,highest overall rating refers to MAX(overall_rating);,SELECT player_api_id FROM Player_Attributes ORDER BY overall_rating DESC LIMIT 1,simple
1117,european_football_2,What are the player api id of 10 heaviest players?,heaviest refers to MAX(weight),SELECT player_api_id FROM Player ORDER BY weight DESC LIMIT 10,simple
1033,european_football_2,What is the average height of players born between 1990 and 1995?,"average height = DIVIDE(SUM(height), COUNT(id)); players born between 1990 and 1995 refers to birthday > = '1990-01-01 00:00:00' AND birthday < '1996-01-01 00:00:00';","SELECT SUM(height) / COUNT(id) FROM Player WHERE SUBSTR(birthday, 1, 4) BETWEEN '1990' AND '1995'",simple
1143,european_football_2,What was the highest score of the home team in the Netherlands Eredivisie league?,highest score of the home team refers to MAX(home_team_goal),SELECT MAX(t2.home_team_goal) FROM League AS t1 INNER JOIN Match AS t2 ON t1.id = t2.league_id WHERE t1.name = 'Netherlands Eredivisie',simple
1054,european_football_2,"What is the defensive work rate of the football player David Wilson
?",,SELECT DISTINCT t2.defensive_work_rate FROM Player AS t1 INNER JOIN Player_Attributes AS t2 ON t1.player_api_id = t2.player_api_id WHERE t1.player_name = 'David Wilson',simple
1048,european_football_2,What is the overall rating of the football player Gabriel Tamas in year 2011?,"in year 2011 refers to strftime('%Y', date) = '2011';","SELECT t2.overall_rating FROM Player AS t1 INNER JOIN Player_Attributes AS t2 ON t1.player_api_id = t2.player_api_id WHERE t1.player_name = 'Gabriel Tamas' AND strftime('%Y', t2.date) = '2011'",simple
1147,european_football_2,Please name one player whose overall strength is the greatest.,overall strength is the greatest refers to MAX(overall_rating),SELECT DISTINCT t1.player_name FROM Player AS t1 INNER JOIN Player_Attributes AS t2 ON t1.player_api_id = t2.player_api_id WHERE t2.overall_rating = ( SELECT MAX(overall_rating) FROM Player_Attributes),simple
1077,european_football_2,What's the long name for the team GEN?,long name for the team refers to team_long_name; team_short_name = 'GEN';,SELECT team_long_name FROM Team WHERE team_short_name = 'GEN',simple
1081,european_football_2,Which country is the Belgium Jupiler League from?,Belgium Jupiler League refers to League.name = 'Belgium Jupiler League';,SELECT t1.name FROM Country AS t1 INNER JOIN League AS t2 ON t1.id = t2.country_id WHERE t2.name = 'Belgium Jupiler League',simple
1043,european_football_2,What is the short name of the football team Queens Park Rangers?,short name of the football team refers to team_short_name; Queens Park Rangers refers to team_long_name = 'Queens Park Rangers';,SELECT team_short_name FROM Team WHERE team_long_name = 'Queens Park Rangers',simple
1097,european_football_2,What is Aaron Lennox's total crossing score?,Aaron Lennox's refers to T2.player_name = 'Aaron Lennox'; total crossing score refers to SUM(crossing),SELECT SUM(t2.crossing) FROM Player AS t1 INNER JOIN Player_Attributes AS t2 ON t1.player_api_id = t2.player_api_id WHERE t1.player_name = 'Aaron Lennox',simple
1049,european_football_2,"How many matches in the 2015/2016 season were held in Scotland Premier League
?",Scotland Premier League refers to League.name = 'Scotland Premier League';,SELECT COUNT(t2.id) FROM League AS t1 INNER JOIN Match AS t2 ON t1.id = t2.league_id WHERE t2.season = '2015/2016' AND t1.name = 'Scotland Premier League',simple
1082,european_football_2,Please list the leagues from Germany.,Germany refers to Country.name = 'Germany';,SELECT t2.name FROM Country AS t1 INNER JOIN League AS t2 ON t1.id = t2.country_id WHERE t1.name = 'Germany',simple
1062,european_football_2,Which players had an overall rating of over 80 from 2008 to 2010? Please list player names.,"overall_rating > 80; from 2008 to 2010 refers to strftime('%Y', date) BETWEEN '2008' AND '2010';","SELECT DISTINCT t1.player_name FROM Player AS t1 INNER JOIN Player_Attributes AS t2 ON t1.player_api_id = t2.player_api_id WHERE t2.overall_rating > 80 AND SUBSTR(t2.`date`, 1, 4) BETWEEN '2008' AND '2010'",moderate
1120,european_football_2,Sum up the away team goal scored by both Daan Smith and Filipe Ferreira.,Daan Smith refers to player_name = 'Daan Smith'; Filipe Ferreira refers to player_name = 'Filipe Ferreira',"SELECT SUM(t2.away_team_goal) FROM Player AS t1 INNER JOIN match AS t2 ON t1.player_api_id = t2.away_player_5 WHERE t1.player_name IN ('Daan Smith', 'Filipe Ferreira')",moderate
1105,european_football_2,How was Francesco Migliore's attacking work rate on 2015/5/1?,Francesco Migliore refers to player_name = 'Francesco Migliore'; on 2015/5/1 refers to date LIKE '2015-05-01%';,SELECT t2.attacking_work_rate FROM Player AS t1 INNER JOIN Player_Attributes AS t2 ON t1.player_api_id = t2.player_api_id WHERE t2.`date` LIKE '2015-05-01%' AND t1.player_name = 'Francesco Migliore',moderate
1135,european_football_2,Please provide top five football players' IDs who are among the lowest potential players and prefer to use the right foot when attacking.,lowest potential players refers to MIN(potential); prefer to use the right foot when attacking refers to preferred_foot = 'right',SELECT id FROM Player_Attributes WHERE preferred_foot = 'right' ORDER BY potential DESC LIMIT 5,moderate
1075,european_football_2,List all the football player with the highest balance score and potential score of 61.,balance score refers to balance; highest balance score refers to MAX(balance); potential score refers to potential; potential = 61;,SELECT t1.player_name FROM Player AS t1 INNER JOIN Player_Attributes AS t2 ON t1.player_api_id = t2.player_api_id WHERE t2.potential = '61' ORDER BY t2.balance DESC LIMIT 1,moderate
1146,european_football_2,Please provide the full name of the away team that scored the most goals.,full name refers to team_long_name; away team refers to away_team_api_id; scored the most goals refers to MAX(away_team_goal),SELECT t2.team_long_name FROM Match AS t1 INNER JOIN Team AS t2 ON t1.away_team_api_id = t2.team_api_id ORDER BY t1.away_team_goal DESC LIMIT 1,moderate
1101,european_football_2,What is the average number of goals made by Parma as the away team while playing in Italy?,Parma refers to team_long_name = 'Parma'; average number of goals refers to AVG(away_team_goal),"SELECT CAST(SUM(T1.away_team_goal) AS REAL) / COUNT(T1.id) FROM ""Match"" AS T1 INNER JOIN TEAM AS T2 ON T1.away_team_api_id = T2.team_api_id INNER JOIN Country AS T3 ON T1.country_id = T3.id WHERE T2.team_long_name = 'Parma' AND T3.name = 'Italy'",moderate
1084,european_football_2,"Among the players born before the year 1986, how many of them would remain in his position and defense while the team attacked?","players born before the year 1986 refers to strftime('%Y', birthday)<'1986'; players who would remain in his position and defense while the team attacked refers to defensive_work_rate = 'high'; Should consider DISTINCT in the final result;","SELECT COUNT(DISTINCT t1.player_name) FROM Player AS t1 INNER JOIN Player_Attributes AS t2 ON t1.player_api_id = t2.player_api_id WHERE STRFTIME('%Y',t1.birthday) < '1986' AND t2.defensive_work_rate = 'high'",challenging
1114,european_football_2,What was the average overall rating for Marko Arnautovic from 2007/2/22 to 2016/4/21?,average overall rating refers to avg(overall_rating); Marko Arnautovic refers to player_name = 'Marko Arnautovic'; from 2007/2/22 to 2016/4/21 refers to the first 10 characters of date BETWEEN '2007-02-22' and '2016-04-21',"SELECT CAST(SUM(t2.overall_rating) AS REAL) / COUNT(t2.id) FROM Player AS t1 INNER JOIN Player_Attributes AS t2 ON t1.player_fifa_api_id = t2.player_fifa_api_id WHERE t1.player_name = 'Marko Arnautovic' AND SUBSTR(t2.`date`, 1, 10) BETWEEN '2007-02-22' AND '2016-04-21'",challenging
1028,european_football_2,"In Scotland Premier League, which away team won the most during the 2010 season?","Final result should return the Team.team_long_name; Scotland Premier League refers to League.name = 'Scotland Premier League'; away team refers to away_team_api_id; away team that won the most refers to MAX(SUBTRACT(away_team_goal, home_team_goal) > 0); 2010 season refers to season = '2009/2010'; won the most refers to MAX(COUNT(*));",SELECT teamInfo.team_long_name FROM League AS leagueData INNER JOIN Match AS matchData ON leagueData.id = matchData.league_id INNER JOIN Team AS teamInfo ON matchData.away_team_api_id = teamInfo.team_api_id WHERE leagueData.name = 'Scotland Premier League' AND matchData.season = '2009/2010' AND matchData.away_team_goal - matchData.home_team_goal > 0 GROUP BY matchData.away_team_api_id ORDER BY COUNT(*) DESC LIMIT 1,challenging
1196,thrombosis_prediction,What is the most common sign of patients with SLE disease?,the most common sign refers to MAX(symptoms); 'SLE' refers to diagnosis,SELECT Symptoms FROM Examination WHERE Diagnosis = 'SLE' GROUP BY Symptoms ORDER BY COUNT(Symptoms) DESC LIMIT 1,simple
1280,thrombosis_prediction,How many male patients have their glutamic oxaloacetic transaminase in the normal range?,male refers to Sex = 'M'; glutamic oxaloacetic transaminase in the normal range refers to GOT < 60;,SELECT COUNT(T1.ID) FROM Patient AS T1 INNER JOIN Laboratory AS T2 ON T1.ID = T2.ID WHERE T2.GOT < 60 AND T1.SEX = 'M',simple
1237,thrombosis_prediction,"Among all outpatients, list out those have low hemoglobin level. State the different IDs and their sex.",outpatients refers to Admission = '-'; low hemoglobin level refers to HBG < 10;,"SELECT DISTINCT T1.ID, T1.SEX FROM Patient AS T1 INNER JOIN Laboratory AS T2 ON T1.ID = T2.ID WHERE T2.HGB < 10 AND T1.Admission = '-'",simple
1299,thrombosis_prediction,"Among the patients with the normal level of triglyceride, how many of them have other symptoms observed?",normal level of triglyceride refers to TG < 200; have other symptoms refers to Symptoms is not null;,SELECT COUNT(T1.ID) FROM Examination AS T1 INNER JOIN Laboratory AS T2 ON T1.ID = T2.ID WHERE T2.TG < 200 AND T1.Symptoms IS NOT NULL,simple
1203,thrombosis_prediction,How many patients who were female got white blood cells that were below 3.5?,female refers to SEX = 'F'; white blood cells that were below 3.5 refers to WBC < 3.5,SELECT COUNT(T1.ID) FROM Patient AS T1 INNER JOIN Laboratory AS T2 ON T1.ID = T2.ID WHERE T2.WBC < 3.5 AND T1.SEX = 'F',simple
1306,thrombosis_prediction,How many patients diagnosed with SLE have a normal white blood cell level?,diagnosed with SLE refers to Diagnosis = 'SLE'; normal white blood cell level refers to WBC between 3.5 and 9.0;,SELECT COUNT(T1.ID) FROM Patient AS T1 INNER JOIN Laboratory AS T2 ON T1.ID = T2.ID WHERE T1.Diagnosis = 'SLE' AND T2.WBC BETWEEN 3.5 AND 9,simple
1224,thrombosis_prediction,"What is the highest total bilirubin level recorded? List out the patient details with ID, sex and birthday with that index.",the highest total bilirubin refers to MAX(T-BIL),"SELECT T2.`T-BIL`, T1.ID, T1.SEX, T1.Birthday FROM Patient AS T1 INNER JOIN Laboratory AS T2 ON T1.ID = T2.ID ORDER BY T2.`T-BIL` DESC LIMIT 1",simple
1222,thrombosis_prediction,How many male patients are are with creatinine index out of the normal range?,creatinine (CRE) out of the normal range refers to CRE > = 1.5; Male refers to Sex = 'M',SELECT COUNT(T1.ID) FROM Patient AS T1 INNER JOIN Laboratory AS T2 ON T1.ID = T2.ID WHERE T2.CRE >= 1.5 AND T1.SEX = 'M',simple
1251,thrombosis_prediction,How many patients with an Ig G higher than normal?,Ig G higher than normal refers to IGG >= 2000; Should consider DISTINCT in the final result;,SELECT COUNT(DISTINCT T1.ID) FROM Patient AS T1 INNER JOIN Laboratory AS T2 ON T1.ID = T2.ID INNER JOIN Examination AS T3 ON T3.ID = T2.ID WHERE T2.IGG >= 2000,simple
1206,thrombosis_prediction,When is the laboratory examination of patient '48473' where his/her AST glutamic oxaloacetic transaminase (GOT) index is above the normal range.,AST glutamic oxaloacetic transaminase (GOT) index is above the normal range refers to GOT > = 60; when refers to DATE,SELECT Date FROM Laboratory WHERE ID = 48473 AND GOT >= 60,simple
1188,thrombosis_prediction,How many female patients born in 1964 were admitted to the hospital? List them by ID.,female refers to SEX = 'F'; born in 1964 refers to YEAR(Birthday) = 1964; admitted to the hospital refers to Admission = '+',"SELECT ID FROM Patient WHERE STRFTIME('%Y', Birthday) = '1964' AND SEX = 'F' AND Admission = '+'",simple
1159,thrombosis_prediction,"For patient with albumin level lower than 3.5, list their ID, sex and diagnosis.",albumin level lower than 3.5 refers to ALB < 3.5;,"SELECT DISTINCT T1.ID, T1.SEX, T1.Diagnosis FROM Patient AS T1 INNER JOIN Laboratory AS T2 ON T1.ID = T2.ID WHERE T2.ALB < 3.5",simple
1276,thrombosis_prediction,"For the patients who have an abnormal level of anti-DNA, please list the diseases they are diagnosed with.",abnormal level of anti-DNA refers to DNA > = 8; diseases refers to Diagnosis;,SELECT DISTINCT(T1.Diagnosis) FROM Patient AS T1 INNER JOIN Laboratory AS T2 ON T1.ID = T2.ID WHERE T2.DNA >= 8,simple
1176,thrombosis_prediction,What was the anti-nucleus antibody concentration level for the patient id 3605340 on 1996/12/2?,anti-nucleus antibody refers to ANA; 1996/12/2 refers to `Examination Date` = '1996-12-02',SELECT ANA FROM Examination WHERE ID = 3605340 AND `Examination Date` = '1996-12-02',simple
1157,thrombosis_prediction,"For patients with severe degree of thrombosis, list their ID, sex and disease the patient is diagnosed with.",severe degree of thrombosis refers to thrombosis = 2; disease refers to diagnosis;,"SELECT DISTINCT T1.ID, T1.SEX, T1.Diagnosis FROM Patient AS T1 INNER JOIN Examination AS T2 ON T1.ID = T2.ID WHERE T2.Thrombosis = 2",simple
1298,thrombosis_prediction,"Among the patients whose total cholesterol is within the normal range, how many of them have a P pattern observed in the sheet of ANA examination?",total cholesterol is within the normal range refers to `T-CHO` < 250; P pattern observed in the sheet of ANA examination refers to ANA Pattern = 'P';,SELECT COUNT(T1.ID) FROM Patient AS T1 INNER JOIN Laboratory AS T2 ON T1.ID = T2.ID INNER JOIN Examination AS T3 ON T1.ID = T3.ID WHERE T3.`ANA Pattern` = 'P' AND T2.`T-CHO` < 250,moderate
1149,thrombosis_prediction,Are there more in-patient or outpatient who were male? What is the deviation in percentage?,"male refers to SEX = 'M'; in-patient refers to Admission = '+'; outpatient refers to Admission = '-'; percentage = DIVIDE(COUNT(ID) where SEX = 'M' and Admission = '+', COUNT(ID) where SEX  = 'M' and Admission = '-')",SELECT CAST(SUM(CASE WHEN Admission = '+' THEN 1 ELSE 0 END) AS REAL) * 100 / SUM(CASE WHEN Admission = '-' THEN 1 ELSE 0 END) FROM Patient WHERE SEX = 'M',moderate
1281,thrombosis_prediction,"Among the patients who have an abnormal level of glutamic oxaloacetic transaminase, when was the youngest of them born?","abnormal level of glutamic oxaloacetic transaminase refers to GOT > = 60; The larger the birthday value, the younger the person is, and vice versa;",SELECT T1.Birthday FROM Patient AS T1 INNER JOIN Laboratory AS T2 ON T1.ID = T2.ID WHERE T2.GOT >= 60 ORDER BY T1.Birthday DESC LIMIT 1,moderate
1200,thrombosis_prediction,What proportion of patients who had signs of thrombocytopenia had SLE diagnosed?,"thrombocytopenia' refers to symptoms; 'SLE' refers to diagnosis; calculation =  DIVIDE(SUM(DIAGNOSIS LIKE '%ITP%'), SUM(DIAGNOSIS LIKE '%SLE%')) MULTIPLY 100",SELECT CAST(SUM(CASE WHEN Diagnosis = 'SLE' THEN 1 ELSE 0 END) AS REAL) * 100 / COUNT(ID) FROM Examination WHERE Symptoms = 'thrombocytopenia',moderate
1174,thrombosis_prediction,What is the average age of patients as of year 1999 examined in the laboratory for the October of the year 1991?,"average age of patients as of year 1999 refers to AVG(SUBTRACT('1999', year(Birthday))); October of 1991 refers to Date BETWEEN '1991-10-01' AND '1991-10-30'","SELECT AVG('1999'  - STRFTIME('%Y', T2.Birthday)) FROM Laboratory AS T1 INNER JOIN Patient AS T2 ON T1.ID = T2.ID WHERE T1.Date BETWEEN '1991-10-01' AND '1991-10-30'",moderate
1308,thrombosis_prediction,"Among the patients who have a normal platelet level, how many of them have other symptoms observed?",normal platelet level refers to PLT > 100 and PLT < 400; have other symptoms refers to Diagnosis is not null;,SELECT COUNT(T1.ID) FROM Patient AS T1 INNER JOIN Laboratory AS T2 ON T1.ID = T2.ID WHERE T2.PLT > 100 AND T2.PLT < 400 AND T1.Diagnosis IS NOT NULL,moderate
1167,thrombosis_prediction,"For the year that concluded on December 31, 1998, how many male patients on average were tested in the lab each month?","the year that concluded on December 31, 1998 refers to Date BETWEEN '1998-01-01' AND '1998-12-31'; male refers to SEX = 'M'; calculation = DIVIDE(COUNT(ID), 12)","SELECT CAST(COUNT(T1.ID) AS REAL) / 12 FROM Patient AS T1 INNER JOIN Laboratory AS T2 ON T1.ID = T2.ID WHERE STRFTIME('%Y', T2.Date) = '1998' AND T1.SEX = 'M'",moderate
1191,thrombosis_prediction,What percentage of male patients who first presented to the hospital in 1981 were diagnosed with BEHCET?,"male refers to SEX = 'M'; first presented to the hospital in 1981 refers to YEAR(`FIRST DATE`) = '1981'; BEHCET refers to diagnosis; calculation = DIVIDE(SUM(DIAGNOSIS = 'BEHCET') where YEAR(`FIRST DATE`) = '1981', MULTIPLY(COUNT(YEAR(`FIRST DATE`) = '1981')), 100)","SELECT CAST(SUM(CASE WHEN Diagnosis = 'BEHCET' THEN 1 ELSE 0 END) AS REAL) * 100 / COUNT(ID) FROM Patient WHERE STRFTIME('%Y', `First Date`) = '1981' AND SEX = 'M'",challenging
1295,thrombosis_prediction,"Among the patients whose total bilirubin is over the normal range, how many of them have a peripheral pattern observed in the sheet of ANA examination?",total bilirubin is over the normal range refers to `T-BIL` > = 2.0; peripheral pattern is observed in the sheet of ANA examination refers to that ANA Pattern contains 'P';,SELECT COUNT(T1.ID) FROM Patient AS T1 INNER JOIN Laboratory AS T2 ON T1.ID = T2.ID INNER JOIN Examination AS T3 ON T1.ID = T3.ID WHERE T2.`T-BIL` >= 2 AND T3.`ANA Pattern` LIKE '%P%',challenging
1190,thrombosis_prediction,What percentage of patients with a proteinuria level within the normal range have a uric acid level below the normal range?,"proteinuria level within the normal range refers to `U-PRO` > 0 AND `U-PRO` < 30; uric acid level below the normal range refers to UA < = 6.5; calculation = MULTIPLY(DIVIDE(UA < = 6.5, `U-PRO` > 0 AND `U-PRO` < 30)，100)",SELECT CAST(SUM(CASE WHEN UA <= 6.5 THEN 1 ELSE 0 END) AS REAL) * 100 / COUNT(ID) FROM Laboratory WHERE `U-PRO` > 0 AND `U-PRO` < 30,challenging
1436,student_club,Please provide links to events for members who have paid more than 50 dollar.,have paid more than 50 dollar refers to cost > 50,SELECT DISTINCT T3.link_to_event FROM expense AS T1 INNER JOIN member AS T2 ON T1.link_to_member = T2.member_id INNER JOIN attendance AS T3 ON T2.member_id = T3.link_to_member WHERE T1.cost > 50,simple
1389,student_club,Which event has the lowest cost?,event refers to event_name; lowest cost means MIN(cost),SELECT T1.event_name FROM event AS T1 INNER JOIN budget AS T2 ON T1.event_id = T2.link_to_event INNER JOIN expense AS T3 ON T2.budget_id = T3.link_to_budget ORDER BY T3.cost LIMIT 1,simple
1409,student_club,Mention the total expense used on 8/20/2019.,total expense refers SUM(cost) where expense_date = '2019-08-20',SELECT SUM(cost) FROM expense WHERE expense_date = '2019-08-20',simple
1410,student_club,"List out the full name and total cost that member id ""rec4BLdZHS2Blfp4v"" incurred?","full name refers to first_name, last name","SELECT T1.first_name, T1.last_name, SUM(T2.cost) FROM member AS T1 INNER JOIN expense AS T2 ON T1.member_id = T2.link_to_member WHERE T1.member_id = 'rec4BLdZHS2Blfp4v'",simple
1373,student_club,How many of the members' hometowns are from Maryland state?,,SELECT COUNT(T2.member_id) FROM zip_code AS T1 INNER JOIN member AS T2 ON T1.zip_code = T2.zip WHERE T1.state = 'Maryland',simple
1367,student_club,Which college do most of the members go to?,college most members go refers to MAX(COUNT(major.college)),SELECT T2.college FROM member AS T1 INNER JOIN major AS T2 ON T1.link_to_major = T2.major_id GROUP BY T2.major_id ORDER BY COUNT(T2.college) DESC LIMIT 1,simple
1346,student_club,"Tell the phone number of ""Carlo Jacobs"".","Carlo Jacobs is the full name; full name refers to first_name, last_name;",SELECT phone FROM member WHERE first_name = 'Carlo' AND last_name = 'Jacobs',simple
1372,student_club,"When did the member, Casey Mason, received the income?",when the income was received refers to date_received,SELECT T2.date_received FROM member AS T1 INNER JOIN income AS T2 ON T1.member_id = T2.link_to_member WHERE T1.first_name = 'Casey' AND T1.last_name = 'Mason',simple
1329,student_club,What county did Sherri Ramsey grew up?,,SELECT T2.county FROM member AS T1 INNER JOIN zip_code AS T2 ON T1.zip = T2.zip_code WHERE T1.first_name = 'Sherri' AND T1.last_name = 'Ramsey',simple
1312,student_club,What's Angela Sanders's major?,"Angela Sanders is the full name; full name refers to first_name, last_name; major refers to major_name.",SELECT T2.major_name FROM member AS T1 INNER JOIN major AS T2 ON T1.link_to_major = T2.major_id WHERE T1.first_name = 'Angela' AND T1.last_name = 'Sanders',simple
1342,student_club,"What was the cost for the ""Posters"" on 2019/9/4?",'Poster' is an event description; on 2019/9/14 refers to event_date = '2019-09-04',SELECT cost FROM expense WHERE expense_description = 'Posters' AND expense_date = '2019-09-04',simple
1356,student_club,Which department was the President of the club in?,'President' is a position of Student Club,SELECT T2.department FROM member AS T1 INNER JOIN major AS T2 ON T1.link_to_major = T2.major_id WHERE T1.position = 'President',simple
1465,student_club,Which budget category does the expense 'Posters' fall to?,'Posters' refers to expense description,SELECT DISTINCT T2.category FROM expense AS T1 INNER JOIN budget AS T2 ON T1.link_to_budget = T2.budget_id WHERE T1.expense_description = 'Posters',simple
1361,student_club,What is the total cost of the pizzas for all the events?,total cost of the pizzas refers to SUM(cost) where expense_description = 'Pizza',SELECT SUM(cost) FROM expense WHERE expense_description = 'Pizza',simple
1420,student_club,State the name of major that Vice President has joined.,name of major refers to major_name; 'Vice President' is position of Student Club,SELECT T1.major_name FROM major AS T1 INNER JOIN member AS T2 ON T1.major_id = T2.link_to_major WHERE T2.position = 'Vice President',simple
1404,student_club,Identify the type of expenses and their total value approved for 'October Meeting' event.,total value refers to SUM(cost); 'October Meeting' is an event name;,"SELECT T1.type, SUM(T3.cost) FROM event AS T1 INNER JOIN budget AS T2 ON T1.event_id = T2.link_to_event INNER JOIN expense AS T3 ON T2.budget_id = T3.link_to_budget WHERE T1.event_name = 'October Meeting'",moderate
1449,student_club,What is the name and major of members who had to spend more than a hundred dollars on an expense?,"full name refers to first_name, last_name; major of members refers to major_name; spend more than a hundred dollars on an expense refers to cost > 100","SELECT DISTINCT T1.first_name, T1.last_name, T2.major_name FROM member AS T1 INNER JOIN major AS T2 ON T2.major_id = T1.link_to_major INNER JOIN expense AS T3 ON T1.member_id = T3.link_to_member WHERE T3.cost > 100",moderate
1403,student_club,Indicate the name of the closed event whose cost has exceeded the budget the most.,closed events refers to event_name where status = 'Closed'; exceed the budget the most refers to MIN(remaining) where remaining < 0,SELECT T2.event_name FROM budget AS T1 INNER JOIN event AS T2 ON T2.event_id = T1.link_to_event WHERE T1.event_status = 'Closed' AND T1.remaining < 0 ORDER BY T1.remaining LIMIT 1,moderate
1454,student_club,What is the percentage of the cost for the meeting events?,"meeting events refers to type = 'Meeting'; percentage = DIVIDE( SUM(cost), COUNT(event_id)) * 100",SELECT SUM(CASE WHEN T1.type = 'Meeting' THEN T3.cost ELSE 0 END) * 100 / SUM(T3.cost) FROM event AS T1 INNER JOIN budget AS T2 ON T1.event_id = T2.link_to_event INNER JOIN expense AS T3 ON T2.budget_id = T3.link_to_budget,moderate
1400,student_club,"Among all events hold by the Student_Club in 2019, find the percentage share of events related to 'Community Service'","DIVIDE(SUM(type = 'Community Service'), COUNT(event_id)) * 100 where event_date BETWEEN' 2019-01-01' and '2019-12-31'","SELECT CAST(SUM(CASE WHEN type = 'Community Service' THEN 1 ELSE 0 END) AS REAL) * 100 / COUNT(type) FROM event WHERE SUBSTR(event_date, 1, 4) = '2019'",moderate
1439,student_club,Please list the phone numbers of the members who majored in business at the College of Agriculture and Applied Sciences.,'College of Agriculture and Applied Sciences' is the college; majored in business refers to major_name = 'Business'; phone numbers refers to phone,SELECT T1.phone FROM member AS T1 INNER JOIN major AS T2 ON T2.major_id = T1.link_to_major WHERE T2.major_name = 'Business' AND T2.college = 'College of Agriculture and Applied Sciences',moderate
1352,student_club,"For all the club members from ""Business"" major, how many of them wear medium size t-shirt?",'Business' is a major name; wear medium size t-shirt refers to t_shirt_size = 'Medium',SELECT COUNT(T1.member_id) FROM member AS T1 INNER JOIN major AS T2 ON T1.link_to_major = T2.major_id WHERE T2.major_name = 'Business' AND T1.t_shirt_size = 'Medium',moderate
1460,student_club,"Write the full name of the member who spent money for water, veggie tray and supplies and include the cost of it.","full name refers to first_name, last name; spent money for refers expense description; expense_description = 'Water, Veggie tray, supplies'","SELECT T2.first_name, T2.last_name, T1.cost FROM expense AS T1 INNER JOIN member AS T2 ON T1.link_to_member = T2.member_id WHERE T1.expense_description = 'Water, Veggie tray, supplies'",challenging
1359,student_club,"How many times was the budget in Advertisement for ""Yearly Kickoff"" meeting more than ""October Meeting""?","budget in Advertisement refer to category = 'Advertisement' in the budget table; DIVIDE(SUM(amount when event_name = 'Yearly Kickoff'), SUM(amount when event_name = 'October Meeting'))",SELECT CAST(SUM(CASE WHEN T2.event_name = 'Yearly Kickoff' THEN T1.amount ELSE 0 END) AS REAL) / SUM(CASE WHEN T2.event_name = 'October Meeting' THEN T1.amount ELSE 0 END) FROM budget AS T1 INNER JOIN event AS T2 ON T1.link_to_event = T2.event_id WHERE T1.category = 'Advertisement' AND T2.type = 'Meeting',challenging
1451,student_club,"Among the members who incurred expenses in more than one event, who paid the most amount?",paid the most amount refers to for expense incurred in more than one event refers to MAX(cost where COUNT(event_id) > 1),SELECT T2.member_id FROM expense AS T1 INNER JOIN member AS T2 ON T1.link_to_member = T2.member_id INNER JOIN budget AS T3 ON T1.link_to_budget = T3.budget_id INNER JOIN event AS T4 ON T3.link_to_event = T4.event_id GROUP BY T2.member_id HAVING COUNT(DISTINCT T4.event_id) > 1 ORDER BY SUM(T1.cost) DESC LIMIT 1,challenging
1524,debit_card_specializing,What's the nationality of the customer who spent 548.4 in 2012/8/24?,'2012/8/24' can be represented by '2012-08-24',SELECT T2.Country FROM transactions_1k AS T1 INNER JOIN gasstations AS T2 ON T1.GasStationID = T2.GasStationID WHERE T1.Date = '2012-08-24' AND T1.Price = 548.4,simple
1507,debit_card_specializing,Please list the disparate time of the transactions taken place in the gas stations from chain no. 11.,,SELECT DISTINCT T1.Time FROM transactions_1k AS T1 INNER JOIN gasstations AS T2 ON T1.GasStationID = T2.GasStationID WHERE T2.ChainID = 11,simple
1508,debit_card_specializing,How many transactions taken place in the gas station in the Czech Republic are with a price of over 1000?,Gas station in the Czech Republic implies that Country = 'CZE',SELECT COUNT(T1.TransactionID) FROM transactions_1k AS T1 INNER JOIN gasstations AS T2 ON T1.GasStationID = T2.GasStationID WHERE T2.Country = 'CZE' AND T1.Price > 1000,simple
1523,debit_card_specializing,Which country was the card owner of No.667467 in?,,SELECT T2.Country FROM transactions_1k AS T1 INNER JOIN gasstations AS T2 ON T1.GasStationID = T2.GasStationID WHERE T1.CardID = '667467',simple
1519,debit_card_specializing,What was the product id of the transaction happened at 2012/8/23 21:20:00?,'2012/8/23 21:20:00' can refer to date = '2012-08-23' AND T1.time = '21:20:00' in the database,SELECT T1.ProductID FROM transactions_1k AS T1 INNER JOIN gasstations AS T2 ON T1.GasStationID = T2.GasStationID WHERE T1.Date = '2012-08-23' AND T1.Time = '21:20:00',simple
1527,debit_card_specializing,Which gas station has the highest amount of revenue?,,SELECT GasStationID FROM transactions_1k GROUP BY GasStationID ORDER BY SUM(Price) DESC LIMIT 1,simple
1483,debit_card_specializing,How much did customer 6 consume in total between August and November 2013?,Between August And November 2013 refers to Between 201308 And 201311; The first 4 strings of the Date values in the yearmonth table can represent year; The 5th and 6th string of the date can refer to month.,SELECT SUM(Consumption) FROM yearmonth WHERE CustomerID = 6 AND Date BETWEEN '201308' AND '201311',simple
1493,debit_card_specializing,"In February 2012, what percentage of customers consumed more than 528.3?",February 2012 refers to '201202' in yearmonth.date; The first 4 strings of the Date values in the yearmonth table can represent year; The 5th and 6th string of the date can refer to month.,"SELECT CAST(SUM(IIF(Consumption > 528.3, 1, 0)) AS FLOAT) * 100 / COUNT(CustomerID) FROM yearmonth WHERE Date = '201202'",simple
1488,debit_card_specializing,Who among KAM's customers consumed the most? How much did it consume?,,"SELECT T2.CustomerID, SUM(T2.Consumption) FROM customers AS T1 INNER JOIN yearmonth AS T2 ON T1.CustomerID = T2.CustomerID WHERE T1.Segment = 'KAM' GROUP BY T2.CustomerID ORDER BY SUM(T2.Consumption) DESC LIMIT 1",simple
1478,debit_card_specializing,Which segment had the least consumption?,,SELECT T1.Segment FROM customers AS T1 INNER JOIN yearmonth AS T2 ON T1.CustomerID = T2.CustomerID GROUP BY T1.Segment ORDER BY SUM(T2.Consumption) ASC LIMIT 1,simple
1485,debit_card_specializing,How much more was customer 7 consuming in April 2013 than customer 5?,April 2013 refers to 201304 in the yearmonth.date,"SELECT SUM(IIF(CustomerID = 7, Consumption, 0)) - SUM(IIF(CustomerID = 5, Consumption, 0)) FROM yearmonth WHERE Date = '201304'",simple
1511,debit_card_specializing,"For the customers who paid in the euro, what is their average total price of the transactions?",,SELECT AVG(T1.Price) FROM transactions_1k AS T1 INNER JOIN gasstations AS T2 ON T1.GasStationID = T2.GasStationID INNER JOIN customers AS T3 ON T1.CustomerID = T3.CustomerID WHERE T3.Currency = 'EUR',simple
1515,debit_card_specializing,What segment did the customer have at 2012/8/23 21:20:00?,'2012/8/23' can be represented by '2012-08-23',SELECT T2.Segment FROM transactions_1k AS T1 INNER JOIN customers AS T2 ON T1.CustomerID = T2.CustomerID WHERE T1.date = '2012-08-23' AND T1.time = '21:20:00',simple
1500,debit_card_specializing,"Please list the product description of the products consumed in September, 2013.",September 2013 refers to 201309; The first 4 strings of the Date values in the yearmonth table can represent year; The 5th and 6th string of the date can refer to month.,SELECT T3.Description FROM transactions_1k AS T1 INNER JOIN yearmonth AS T2 ON T1.CustomerID = T2.CustomerID INNER JOIN products AS T3 ON T1.ProductID = T3.ProductID WHERE T2.Date = '201309',simple
1498,debit_card_specializing,What is the highest monthly consumption in the year 2012?,The first 4 strings of the Date values in the yearmonth table can represent year; The 5th and 6th string of the date can refer to month.,"SELECT SUM(Consumption) FROM yearmonth WHERE SUBSTR(Date, 1, 4) = '2012' GROUP BY SUBSTR(Date, 5, 2) ORDER BY SUM(Consumption) DESC LIMIT 1",simple
1472,debit_card_specializing,"In 2012, who had the least consumption in LAM?",Year 2012 can be presented as Between 201201 And 201212; The first 4 strings of the Date values in the yearmonth table can represent year.,"SELECT T1.CustomerID FROM customers AS T1 INNER JOIN yearmonth AS T2 ON T1.CustomerID = T2.CustomerID WHERE T1.Segment = 'LAM' AND SUBSTR(T2.Date, 1, 4) = '2012' GROUP BY T1.CustomerID ORDER BY SUM(T2.Consumption) ASC LIMIT 1",moderate
1473,debit_card_specializing,What was the average monthly consumption of customers in SME for the year 2013?,Average Monthly consumption = AVG(Consumption) / 12; Year 2013 can be presented as Between 201301 And 201312; The first 4 strings of the Date values in the yearmonth table can represent year.,"SELECT AVG(T2.Consumption) / 12 FROM customers AS T1 INNER JOIN yearmonth AS T2 ON T1.CustomerID = T2.CustomerID WHERE SUBSTR(T2.Date, 1, 4) = '2013' AND T1.Segment = 'SME'",moderate
1480,debit_card_specializing,What was the gas consumption peak month for SME customers in 2013?,Year 2013 can be presented as Between 201301 And 201312; The first 4 strings of the Date values in the yearmonth table can represent year; The 5th and 6th string of the date can refer to month.,"SELECT SUBSTR(T2.Date, 5, 2) FROM customers AS T1 INNER JOIN yearmonth AS T2 ON T1.CustomerID = T2.CustomerID WHERE SUBSTR(T2.Date, 1, 4) = '2013' AND T1.Segment = 'SME' GROUP BY SUBSTR(T2.Date, 5, 2) ORDER BY SUM(T2.Consumption) DESC LIMIT 1",moderate
1531,debit_card_specializing,Who is the top spending customer and how much is the average price per single item purchased by this customer? What currency was being used?,average price per single item = Total(price) / Total(amount),"SELECT T2.CustomerID, SUM(T2.Price / T2.Amount), T1.Currency FROM customers AS T1 INNER JOIN transactions_1k AS T2 ON T1.CustomerID = T2.CustomerID WHERE T2.CustomerID = ( SELECT CustomerID FROM yearmonth ORDER BY Consumption DESC LIMIT 1 ) GROUP BY T2.CustomerID, T1.Currency",moderate
1516,debit_card_specializing,How many transactions were paid in CZK in the morning of 2012/8/26?,'2012/8/26' can be represented by '2012-08-26'; The morning refers to the time before '13:00:00',SELECT COUNT(T1.TransactionID) FROM transactions_1k AS T1 INNER JOIN customers AS T2 ON T1.CustomerID = T2.CustomerID WHERE T1.Date = '2012-08-26' AND T1.Time < '13:00:00' AND T2.Currency = 'CZK',moderate
1529,debit_card_specializing,"What is the amount spent by customer ""38508"" at the gas stations? How much had the customer spent in January 2012?",January 2012 refers to the Date value = '201201',"SELECT SUM(T1.Price) , SUM(IIF(T3.Date = '201201', T1.Price, 0)) FROM transactions_1k AS T1 INNER JOIN gasstations AS T2 ON T1.GasStationID = T2.GasStationID INNER JOIN yearmonth AS T3 ON T1.CustomerID = T3.CustomerID WHERE T1.CustomerID = '38508'",moderate
1501,debit_card_specializing,"Please list the countries of the gas stations with transactions taken place in June, 2013.",June 2013 refers to '201306'; The first 4 strings of the Date values in the yearmonth table can represent year; The 5th and 6th string of the date can refer to month;,SELECT DISTINCT T2.Country FROM transactions_1k AS T1 INNER JOIN gasstations AS T2 ON T1.GasStationID = T2.GasStationID INNER JOIN yearmonth AS T3 ON T1.CustomerID = T3.CustomerID WHERE T3.Date = '201306',moderate
1481,debit_card_specializing,"What is the difference in the annual average consumption of the customers with the least amount of consumption paid in CZK for 2013 between SME and LAM, LAM and KAM, and KAM and SME?",annual average consumption of customer with the lowest consumption in each segment = total consumption per year / the number of customer with lowest consumption in each segment; Difference in annual average = SME's annual average - LAM's annual average; Difference in annual average = LAM's annual average - KAM's annual average; Year 2013 can be presented as Between 201301 And 201312; The first 4 strings of the Date values in the yearmonth table can represent year.,"SELECT CAST(SUM(IIF(T1.Segment = 'SME', T2.Consumption, 0)) AS REAL) / COUNT(T1.CustomerID) - CAST(SUM(IIF(T1.Segment = 'LAM', T2.Consumption, 0)) AS REAL) / COUNT(T1.CustomerID) , CAST(SUM(IIF(T1.Segment = 'LAM', T2.Consumption, 0)) AS REAL) / COUNT(T1.CustomerID) - CAST(SUM(IIF(T1.Segment = 'KAM', T2.Consumption, 0)) AS REAL) / COUNT(T1.CustomerID) , CAST(SUM(IIF(T1.Segment = 'KAM', T2.Consumption, 0)) AS REAL) / COUNT(T1.CustomerID) - CAST(SUM(IIF(T1.Segment = 'SME', T2.Consumption, 0)) AS REAL) / COUNT(T1.CustomerID) FROM customers AS T1 INNER JOIN yearmonth AS T2 ON T1.CustomerID = T2.CustomerID WHERE T1.Currency = 'CZK' AND T2.Consumption = ( SELECT MIN(Consumption) FROM yearmonth ) AND T2.Date BETWEEN 201301 AND 201312",challenging
1526,debit_card_specializing,"For the customer who paid 634.8 in 2012/8/25, what was the consumption decrease rate from Year 2012 to 2013?",'2012/8/24' can be represented by '2012-08-24'; Consumption decrease rate = (consumption_2012 - consumption_2013) / consumption_2012,"SELECT CAST(SUM(IIF(SUBSTR(Date, 1, 4) = '2012', Consumption, 0)) - SUM(IIF(SUBSTR(Date, 1, 4) = '2013', Consumption, 0)) AS FLOAT) / SUM(IIF(SUBSTR(Date, 1, 4) = '2012', Consumption, 0)) FROM yearmonth WHERE CustomerID = ( SELECT T1.CustomerID FROM transactions_1k AS T1 INNER JOIN gasstations AS T2 ON T1.GasStationID = T2.GasStationID WHERE T1.Date = '2012-08-25' AND T1.Price = 634.8 )",challenging
1476,debit_card_specializing,What was the difference in gas consumption between CZK-paying customers and EUR-paying customers in 2012?,Year 2012 can be presented as Between 201201 And 201212; The first 4 strings of the Date values in the yearmonth table can represent year; Difference in Consumption = CZK customers consumption in 2012 - EUR customers consumption in 2012,"SELECT SUM(IIF(T1.Currency = 'CZK', T2.Consumption, 0)) - SUM(IIF(T1.Currency = 'EUR', T2.Consumption, 0)) FROM customers AS T1 INNER JOIN yearmonth AS T2 ON T1.CustomerID = T2.CustomerID WHERE SUBSTR(T2.Date, 1, 4) = '2012'",challenging
